Building,Ticker,RecipeID,WfCst,Deprec,Area,AllBuildCst,Output1CNT,Output1MAT,Output2CNT,Output2MAT,Output3CNT,Output3MAT,Input1CNT,Input1MAT,Input2CNT,Input2MAT,Input3CNT,Input3MAT,Input4CNT,Input4MAT,Input5CNT,Input5MAT,Input6CNT,Input6MAT,Input7CNT,Input7MAT,Input8CNT,Input8MAT,Input9CNT,Input9MAT,Input10CNT,Input10MAT,RecipP/D,Runs P/D,Output P/D,AreaPerOutput,WfCst-ANT,Deprec-ANT,AllBuildCst-ANT,WfCst-CIS,Deprec-CIS,AllBuildCst-CIS,WfCst-ICA,Deprec-ICA,AllBuildCst-ICA,WfCst-NCC,Deprec-NCC,AllBuildCst-NCC,WfCst-UNV,Deprec-UNV,AllBuildCst-UNV,WfCst-UNV7,Deprec-UNV7,AllBuildCst-UNV7,WfCst-UNV30,Deprec-UNV30,AllBuildCst-UNV30
AAF,NV2,NV2,18566.25,7598.33,67.71428571,1468840,1,NV2,,,,,1,BMF,1,SNM,,,,,,,,,,,,,,,,,1.25,0.8,0.8,75,20359.00,7303.47,1554685.26,17447.75,7200.28,1523838.17,17116.00,7266.36,1538142.06,17795.75,7062.36,1490360.91,0.00,0.00,0.00,17704.72,7007.54,1484106.11,17497.93,7074.98,1492848.72
AAF,CRU,CRU,20422.88,8358.17,67.71428571,1468840,1,CRU,,,,,1,CST,10,ES,3,FC,6,FLP,1,PCB,1,SAR,1,WAI,,,,,,,1.375,0.72727,0.72727,82.5,22394.98,8033.85,1554685.26,19192.60,7920.34,1523838.17,18827.67,7993.03,1538142.06,19575.40,7768.63,1490360.91,0.00,0.00,0.00,19475.27,7708.32,1484106.11,19247.80,7782.50,1492848.72
AAF,TAC,TAC,22279.5,9118,67.71428571,1468840,1,TAC,,,,,1,BMF,1,DA,1,SA,,,,,,,,,,,,,,,1.5,0.66667,0.66667,90,24430.68,8764.12,1554685.26,20937.20,8640.29,1523838.17,20539.10,8719.59,1538142.06,21354.79,8474.79,1490360.91,0.00,0.00,0.00,21245.56,8409.00,1484106.11,20997.42,8489.93,1492848.72
AAF,CC,CC,22279.5,9118,67.71428571,1468840,1,CC,,,,,8,FC,100,GV,1,PCB,10,SAR,20,THF,1,WAI,,,,,,,,,1.5,0.66667,0.66667,90,24430.68,8764.12,1554685.26,20937.20,8640.29,1523838.17,20539.10,8719.59,1538142.06,21354.79,8474.79,1490360.91,0.00,0.00,0.00,21245.56,8409.00,1484106.11,20997.42,8489.93,1492848.72
AAF,STS,STS,18566.25,7598.33,67.71428571,1468840,1,STS,,,,,1,TPU,1,WAI,,,,,,,,,,,,,,,,,1.25,0.8,0.8,75,20359.00,7303.47,1554685.26,17447.75,7200.28,1523838.17,17116.00,7266.36,1538142.06,17795.75,7062.36,1490360.91,0.00,0.00,0.00,17704.72,7007.54,1484106.11,17497.93,7074.98,1492848.72
AML,BOS,BOS,2162.22,1908.72,59.5,1270264,4,BOS,,,,,4,AL,1,BOR,1,SI,,,,,,,,,,,,,,,0.3125,3.2,12.8,4.10938,2368.50,1836.85,1314812.90,2072.11,1779.21,1272986.60,2005.77,1780.63,1279653.20,2089.28,1740.21,1240316.70,0.00,0.00,0.00,2095.95,1740.49,1246061.46,2036.51,1759.49,1252892.67
AML,BE,BE,432.44,381.74,59.5,1270264,1,BE,1,AL,1,SIO,2,BER,,,,,,,,,,,,,,,,,,,0.0625,16,16,3.2875,473.70,367.37,1314812.90,414.42,355.84,1272986.60,401.15,356.13,1279653.20,417.86,348.04,1240316.70,0.00,0.00,0.00,419.19,348.10,1246061.46,407.30,351.90,1252892.67
AML,TA,TA,2810.88,2481.33,59.5,1270264,1,TA,1,FE,,,2,TAI,,,,,,,,,,,,,,,,,,,0.40625,2.46154,2.46154,21.36875,3079.05,2387.90,1314812.90,2693.74,2312.97,1272986.60,2607.49,2314.82,1279653.20,2716.06,2262.27,1240316.70,0.00,0.00,0.00,2724.74,2262.63,1246061.46,2647.46,2287.34,1252892.67
AML,ZR,ZR,2594.66,2290.46,59.5,1270264,1,ZR,2,SIO,,,2,ZIR,,,,,,,,,,,,,,,,,,,0.375,2.66667,2.66667,19.725,2842.20,2204.21,1314812.90,2486.52,2135.05,1272986.60,2406.92,2136.76,1279653.20,2507.13,2088.25,1240316.70,0.00,0.00,0.00,2515.14,2088.58,1246061.46,2443.81,2111.39,1252892.67
AML,W,W,2594.66,2290.46,59.5,1270264,1,W,,,,,5,BTS,,,,,,,,,,,,,,,,,,,0.375,2.66667,2.66667,19.725,2842.20,2204.21,1314812.90,2486.52,2135.05,1272986.60,2406.92,2136.76,1279653.20,2507.13,2088.25,1240316.70,0.00,0.00,0.00,2515.14,2088.58,1246061.46,2443.81,2111.39,1252892.67
APF,WR,WR,7579.03,7365.25,57.75,1423032,1,WR,,,,,1,AWF,1,FC,12,FLP,1,PCB,1,SEN,1,WAI,,,,,,,,,1.0625,0.94118,0.94118,54.825,7970.21,7054.78,1439827.30,7370.13,6991.88,1422481.70,7026.66,7062.77,1443230.90,7441.87,6848.05,1389675.40,0.00,0.00,0.00,7348.21,6797.43,1387597.81,7244.96,6859.24,1394082.60
APF,LOG,LOG,4012.43,3899.25,57.75,1423032,1,LOG,,,,,1,BMF,1,LD,1,SAL,,,,,,,,,,,,,,,0.5625,1.77778,1.77778,29.025,4219.53,3734.90,1439827.30,3901.84,3701.60,1422481.70,3720.00,3739.12,1443230.90,3939.82,3625.45,1389675.40,0.00,0.00,0.00,3890.24,3598.65,1387597.81,3835.58,3631.37,1394082.60
APF,COM,COM,3343.69,3249.38,57.75,1423032,1,COM,,,,,1,AAR,1,BWS,4,RAD,,,,,,,,,,,,,,,0.46875,2.13333,2.13333,24.1875,3516.29,3112.42,1439827.30,3251.55,3084.67,1422481.70,3100.01,3115.94,1443230.90,3283.20,3021.21,1389675.40,0.00,0.00,0.00,3241.87,2998.88,1387597.81,3196.32,3026.15,1394082.60
APF,RCS,RCS,8916.5,8665,57.75,1423032,1,RCS,,,,,1,BWS,1,DA,1,OS,1,SAR,,,,,,,,,,,,,1.25,0.8,0.8,64.5,9376.75,8299.78,1439827.30,8670.77,8225.78,1422481.70,8266.69,8309.17,1443230.90,8755.17,8056.56,1389675.40,0.00,0.00,0.00,8644.98,7997.01,1387597.81,8523.51,8069.73,1394082.60
APF,ADS,ADS,4458.25,4332.5,57.75,1423032,1,ADS,,,,,1,BWS,1,OS,8,TRA,,,,,,,,,,,,,,,0.625,1.6,1.6,32.25,4688.38,4149.89,1439827.30,4335.39,4112.89,1422481.70,4133.34,4154.58,1443230.90,4377.59,4028.28,1389675.40,0.00,0.00,0.00,4322.49,3998.50,1387597.81,4261.76,4034.87,1394082.60
APF,WS,WS,8024.85,7798.5,57.75,1423032,20,WS,,,,,1,BWS,1,DA,,,,,,,,,,,,,,,,,1.125,0.88889,17.77778,2.9025,8439.06,7469.79,1439827.30,7803.69,7403.19,1422481.70,7440.01,7478.24,1443230.90,7879.65,7250.89,1389675.40,0.00,0.00,0.00,7780.48,7197.30,1387597.81,7671.15,7262.75,1394082.60
APF,AIR,AIR,11145.63,10831.25,57.75,1423032,1,AIR,,,,,1,BAC,1,FC,1,GV,1,H2O,1,HCP,1,NS,1,PCB,1,SAR,1,WAI,,,1.5625,0.64,0.64,80.625,11720.94,10374.72,1439827.30,10838.47,10282.22,1422481.70,10333.36,10386.46,1443230.90,10943.97,10070.69,1389675.40,0.00,0.00,0.00,10806.23,9996.26,1387597.81,10654.39,10087.16,1394082.60
APF,ACS,ACS,2674.95,2599.5,57.75,1423032,1,ACS,,,,,1,FC,1,SAR,10,THF,1,WAI,,,,,,,,,,,,,0.375,2.66667,2.66667,19.35,2813.02,2489.93,1439827.30,2601.23,2467.73,1422481.70,2480.00,2492.75,1443230.90,2626.55,2416.96,1389675.40,0.00,0.00,0.00,2593.49,2399.10,1387597.81,2557.05,2420.92,1394082.60
APF,LIS,LIS,11145.63,10831.25,57.75,1423032,1,LIS,,,,,1,AIR,1,BMF,1,WAI,1,WR,,,,,,,,,,,,,1.5625,0.64,0.64,80.625,11720.94,10374.72,1439827.30,10838.47,10282.22,1422481.70,10333.36,10386.46,1443230.90,10943.97,10070.69,1389675.40,0.00,0.00,0.00,10806.23,9996.26,1387597.81,10654.39,10087.16,1394082.60
APF,NV1,NV1,6687.38,6498.75,57.75,1423032,1,NV1,,,,,1,SNM,1,WS,,,,,,,,,,,,,,,,,0.9375,1.06667,1.06667,48.375,7032.54,6224.81,1439827.30,6503.06,6169.31,1422481.70,6200.00,6231.86,1443230.90,6566.36,6042.40,1389675.40,0.00,0.00,0.00,6483.72,5997.74,1387597.81,6392.61,6052.28,1394082.60
APF,PDA,PDA,2674.95,2599.5,57.75,1423032,32,PDA,,,,,2,HPC,1,LD,,,,,,,,,,,,,,,,,0.375,2.66667,85.33333,0.60469,2813.02,2489.93,1439827.30,2601.23,2467.73,1422481.70,2480.00,2492.75,1443230.90,2626.55,2416.96,1389675.40,0.00,0.00,0.00,2593.49,2399.10,1387597.81,2557.05,2420.92,1394082.60
APF,FFC,FFC,11145.63,10831.25,57.75,1423032,1,FFC,,,,,1,BMF,1,DA,5,W,1,WAI,,,,,,,,,,,,,1.5625,0.64,0.64,80.625,11720.94,10374.72,1439827.30,10838.47,10282.22,1422481.70,10333.36,10386.46,1443230.90,10943.97,10070.69,1389675.40,0.00,0.00,0.00,10806.23,9996.26,1387597.81,10654.39,10087.16,1394082.60
ASM,AST,AST,1648.28,152.75,48.2,272100,4,AST,,,,,1,AL,3,TI,,,,,,,,,,,,,,,,,0.25,4,16,2.7625,1744.18,161.54,312036.24,1599.36,164.52,308830.96,1528.28,170.26,319959.12,1614.59,160.73,299347.52,0.00,0.00,0.00,1598.03,165.09,307689.74,1572.15,164.32,303942.53
ASM,FET,FET,1648.28,152.75,48.2,272100,4,FET,,,,,1,FE,3,TI,,,,,,,,,,,,,,,,,0.25,4,16,2.7625,1744.18,161.54,312036.24,1599.36,164.52,308830.96,1528.28,170.26,319959.12,1614.59,160.73,299347.52,0.00,0.00,0.00,1598.03,165.09,307689.74,1572.15,164.32,303942.53
ASM,WAL,WAL,1648.28,152.75,48.2,272100,4,WAL,,,,,3,AL,1,W,,,,,,,,,,,,,,,,,0.25,4,16,2.7625,1744.18,161.54,312036.24,1599.36,164.52,308830.96,1528.28,170.26,319959.12,1614.59,160.73,299347.52,0.00,0.00,0.00,1598.03,165.09,307689.74,1572.15,164.32,303942.53
ASM,CTF,CTF,1648.28,152.75,48.2,272100,1,CTF,,,,,1,O,1,SI,2,WAL,,,,,,,,,,,,,,,0.25,4,4,11.05,1744.18,161.54,312036.24,1599.36,164.52,308830.96,1528.28,170.26,319959.12,1614.59,160.73,299347.52,0.00,0.00,0.00,1598.03,165.09,307689.74,1572.15,164.32,303942.53
ASM,FAL,FAL,1648.28,152.75,48.2,272100,6,FAL,,,,,3,AL,3,FE,,,,,,,,,,,,,,,,,0.25,4,24,1.84167,1744.18,161.54,312036.24,1599.36,164.52,308830.96,1528.28,170.26,319959.12,1614.59,160.73,299347.52,0.00,0.00,0.00,1598.03,165.09,307689.74,1572.15,164.32,303942.53
BMP,OVE,OVE_1,658.2,51.54,24,44510,20,OVE,,,,,100,PE,25,PG,,,,,,,,,,,,,,,,,0.375,2.66667,53.33333,0.4125,648.82,55.25,57613.80,633.94,54.99,57341.20,606.45,54.84,58261.20,655.54,55.13,57439.40,0.00,0.00,0.00,628.32,54.85,57232.10,635.55,54.89,57145.00
BMP,EXO,EXO_1,186.49,14.6,24,44510,10,EXO,,,,,1,AL,1,MFK,10,OVE,,,,,,,,,,,,,,,0.10625,9.41176,94.11765,0.23375,183.83,15.65,57613.80,179.62,15.58,57341.20,171.83,15.54,58261.20,185.74,15.62,57439.40,0.00,0.00,0.00,178.02,15.54,57232.10,180.07,15.55,57145.00
BMP,EXO,EXO_2,164.55,12.89,24,44510,10,EXO,,,,,1,AL,10,OVE,1,SWF,,,,,,,,,,,,,,,0.09375,10.66667,106.66667,0.20625,162.21,13.81,57613.80,158.48,13.75,57341.20,151.61,13.71,58261.20,163.88,13.78,57439.40,0.00,0.00,0.00,157.08,13.71,57232.10,158.89,13.72,57145.00
BMP,EXO,EXO_3,219.4,17.18,24,44510,10,EXO,,,,,1,AL,10,OVE,,,,,,,,,,,,,,,,,0.125,8,80,0.275,216.28,18.42,57613.80,211.31,18.33,57341.20,202.15,18.28,58261.20,218.51,18.38,57439.40,0.00,0.00,0.00,209.44,18.28,57232.10,211.85,18.30,57145.00
BMP,PE,PE,307.16,24.05,24,44510,200,PE,,,,,1,C,2,H,,,,,,,,,,,,,,,,,0.175,5.71429,1142.85714,0.01925,302.78,25.78,57613.80,295.84,25.66,57341.20,283.01,25.59,58261.20,305.92,25.73,57439.40,0.00,0.00,0.00,293.21,25.60,57232.10,296.59,25.61,57145.00
BMP,OVE,OVE_2,329.1,25.77,24,44510,30,OVE,,,,,1,COT,10,PG,,,,,,,,,,,,,,,,,0.1875,5.33333,160,0.1375,324.41,27.62,57613.80,316.97,27.49,57341.20,303.23,27.42,58261.20,327.77,27.57,57439.40,0.00,0.00,0.00,314.16,27.42,57232.10,317.77,27.44,57145.00
BMP,PWO,PWO,329.1,25.77,24,44510,20,PWO,,,,,1,COT,50,PG,,,,,,,,,,,,,,,,,0.1875,5.33333,106.66667,0.20625,324.41,27.62,57613.80,316.97,27.49,57341.20,303.23,27.42,58261.20,327.77,27.57,57439.40,0.00,0.00,0.00,314.16,27.42,57232.10,317.77,27.44,57145.00
BMP,REP,REP,274.25,21.48,24,44510,4,REP,,,,,10,INS,1,MFK,1,SFK,,,,,,,,,,,,,,,0.15625,6.4,25.6,0.85938,270.34,23.02,57613.80,264.14,22.91,57341.20,252.69,22.85,58261.20,273.14,22.97,57439.40,0.00,0.00,0.00,261.80,22.85,57232.10,264.81,22.87,57145.00
BMP,MG,MG,131.64,10.31,24,44510,6,MG,,,,,1,MGS,,,,,,,,,,,,,,,,,,,0.075,13.33333,80,0.275,129.77,11.05,57613.80,126.79,11.00,57341.20,121.29,10.97,58261.20,131.11,11.03,57439.40,0.00,0.00,0.00,125.66,10.97,57232.10,127.11,10.98,57145.00
BMP,OVE,OVE_3,329.1,25.77,24,44510,20,OVE,,,,,50,PE,1,RCO,,,,,,,,,,,,,,,,,0.1875,5.33333,106.66667,0.20625,324.41,27.62,57613.80,316.97,27.49,57341.20,303.23,27.42,58261.20,327.77,27.57,57439.40,0.00,0.00,0.00,314.16,27.42,57232.10,317.77,27.44,57145.00
BMP,SEA,SEA,329.1,25.77,24,44510,30,SEA,,,,,30,PG,1,S,1,SI,,,,,,,,,,,,,,,0.1875,5.33333,160,0.1375,324.41,27.62,57613.80,316.97,27.49,57341.20,303.23,27.42,58261.20,327.77,27.57,57439.40,0.00,0.00,0.00,314.16,27.42,57232.10,317.77,27.44,57145.00
BMP,PT,PT_1,383.95,30.07,24,44510,7,PT,,,,,1,STL,1,TRN,,,,,,,,,,,,,,,,,0.21875,4.57143,32,0.6875,378.48,32.23,57613.80,369.80,32.08,57341.20,353.76,31.99,58261.20,382.40,32.16,57439.40,0.00,0.00,0.00,366.52,32.00,57232.10,370.74,32.02,57145.00
BMP,PT,PT_2,383.95,30.07,24,44510,15,PT,,,,,1,STL,1,W,,,,,,,,,,,,,,,,,0.21875,4.57143,68.57143,0.32083,378.48,32.23,57613.80,369.80,32.08,57341.20,353.76,31.99,58261.20,382.40,32.16,57439.40,0.00,0.00,0.00,366.52,32.00,57232.10,370.74,32.02,57145.00
BMP,PT,PT_3,383.95,30.07,24,44510,6,PT,,,,,2,SFK,1,STL,,,,,,,,,,,,,,,,,0.21875,4.57143,27.42857,0.80208,378.48,32.23,57613.80,369.80,32.08,57341.20,353.76,31.99,58261.20,382.40,32.16,57439.40,0.00,0.00,0.00,366.52,32.00,57232.10,370.74,32.02,57145.00
BMP,PT,PT_4,383.95,30.07,24,44510,5,PT,,,,,1,STL,,,,,,,,,,,,,,,,,,,0.21875,4.57143,22.85714,0.9625,378.48,32.23,57613.80,369.80,32.08,57341.20,353.76,31.99,58261.20,382.40,32.16,57439.40,0.00,0.00,0.00,366.52,32.00,57232.10,370.74,32.02,57145.00
BMP,SUN,SUN,219.4,17.18,24,44510,20,SUN,,,,,10,C,20,OVE,,,,,,,,,,,,,,,,,0.125,8,160,0.1375,216.28,18.42,57613.80,211.31,18.33,57341.20,202.15,18.28,58261.20,218.51,18.38,57439.40,0.00,0.00,0.00,209.44,18.28,57232.10,211.85,18.30,57145.00
BMP,OFF,OFF,219.4,17.18,24,44510,50,OFF,,,,,20,EPO,20,PG,,,,,,,,,,,,,,,,,0.125,8,400,0.055,216.28,18.42,57613.80,211.31,18.33,57341.20,202.15,18.28,58261.20,218.51,18.38,57439.40,0.00,0.00,0.00,209.44,18.28,57232.10,211.85,18.30,57145.00
BMP,I,I,219.4,17.18,24,44510,1,I,,,,,3,CLI,,,,,,,,,,,,,,,,,,,0.125,8,8,2.75,216.28,18.42,57613.80,211.31,18.33,57341.20,202.15,18.28,58261.20,218.51,18.38,57439.40,0.00,0.00,0.00,209.44,18.28,57232.10,211.85,18.30,57145.00
BMP,MCG,MCG,274.25,21.48,24,44510,50,MCG,,,,,4,LST,2,SIO,,,,,,,,,,,,,,,,,0.15625,6.4,320,0.06875,270.34,23.02,57613.80,264.14,22.91,57341.20,252.69,22.85,58261.20,273.14,22.97,57439.40,0.00,0.00,0.00,261.80,22.85,57232.10,264.81,22.87,57145.00
BMP,STR,STR,329.1,25.77,24,44510,2,STR,,,,,4,AL,50,PE,,,,,,,,,,,,,,,,,0.1875,5.33333,10.66667,2.0625,324.41,27.62,57613.80,316.97,27.49,57341.20,303.23,27.42,58261.20,327.77,27.57,57439.40,0.00,0.00,0.00,314.16,27.42,57232.10,317.77,27.44,57145.00
CHP,PFE,PFE,1080.41,60.83,29.41176471,36294,10,PFE,,,,,10,AMM,4,REA,,,,,,,,,,,,,,,,,0.5,2,20,1.36,1080.25,67.63,58811.18,1044.30,68.14,58517.65,1004.57,67.98,59694.71,1080.15,66.60,57994.71,0.00,0.00,0.00,1042.76,67.19,58137.24,1043.23,67.31,57938.89
CHP,SOI,SOI,1350.51,76.04,29.41176471,36294,16,SOI,,,,,20,BRM,10,CLI,,,,,,,,,,,,,,,,,0.625,1.6,25.6,1.0625,1350.31,84.54,58811.18,1305.37,85.18,58517.65,1255.71,84.98,59694.71,1350.19,83.25,57994.71,0.00,0.00,0.00,1303.44,83.98,58137.24,1304.03,84.13,57938.89
CHP,FLX,FLX,675.26,38.02,29.41176471,36294,10,FLX,,,,,1,LST,,,,,,,,,,,,,,,,,,,0.3125,3.2,32,0.85,675.16,42.27,58811.18,652.69,42.59,58517.65,627.86,42.49,59694.71,675.09,41.62,57994.71,0.00,0.00,0.00,651.72,41.99,58137.24,652.02,42.07,57938.89
CHP,CA,CA,405.15,22.81,29.41176471,36294,1,CA,,,,,1,LST,,,,,,,,,,,,,,,,,,,0.1875,5.33333,5.33333,5.1,405.09,25.36,58811.18,391.61,25.55,58517.65,376.71,25.49,59694.71,405.06,24.97,57994.71,0.00,0.00,0.00,391.03,25.19,58137.24,391.21,25.24,57938.89
CHP,IND,IND,540.21,30.42,29.41176471,36294,1,IND,,,,,1,CU,1,MG,1,S,,,,,,,,,,,,,,,0.25,4,4,6.8,540.13,33.82,58811.18,522.15,34.07,58517.65,502.29,33.99,59694.71,540.08,33.30,57994.71,0.00,0.00,0.00,521.38,33.59,58137.24,521.61,33.65,57938.89
CHP,NAB,NAB,405.15,22.81,29.41176471,36294,20,NAB,,,,,1,BOR,5,H,1,NA,,,,,,,,,,,,,,,0.1875,5.33333,106.66667,0.255,405.09,25.36,58811.18,391.61,25.55,58517.65,376.71,25.49,59694.71,405.06,24.97,57994.71,0.00,0.00,0.00,391.03,25.19,58137.24,391.21,25.24,57938.89
CHP,LCR,LCR,877.83,49.43,29.41176471,36294,1,LCR,,,,,1,O,1,SI,,,,,,,,,,,,,,,,,0.40625,2.46154,2.46154,11.05,877.70,54.95,58811.18,848.49,55.36,58517.65,816.21,55.23,59694.71,877.62,54.11,57994.71,0.00,0.00,0.00,847.24,54.59,58137.24,847.62,54.69,57938.89
CHP,REA,REA,945.36,53.23,29.41176471,36294,10,REA,,,,,25,BRM,,,,,,,,,,,,,,,,,,,0.4375,2.28571,22.85714,1.19,945.22,59.18,58811.18,913.76,59.62,58517.65,879.00,59.48,59694.71,945.13,58.27,57994.71,0.00,0.00,0.00,912.41,58.79,58137.24,912.83,58.89,57938.89
CHP,SC,SC,877.83,49.43,29.41176471,36294,20,SC,,,,,2,CA,1,MG,1,TA,,,,,,,,,,,,,,,0.40625,2.46154,49.23077,0.5525,877.70,54.95,58811.18,848.49,55.36,58517.65,816.21,55.23,59694.71,877.62,54.11,57994.71,0.00,0.00,0.00,847.24,54.59,58137.24,847.62,54.69,57938.89
CHP,NS,NS,270.1,15.21,29.41176471,36294,4,NS,,,,,2,H2O,1,LST,2,N,,,,,,,,,,,,,,,0.125,8,32,0.85,270.06,16.91,58811.18,261.07,17.04,58517.65,251.14,17.00,59694.71,270.04,16.65,57994.71,0.00,0.00,0.00,260.69,16.80,58137.24,260.81,16.83,57938.89
CHP,CL,CL,783.3,44.1,29.41176471,36294,1,CL,2,NA,,,1,H2O,3,HAL,,,,,,,,,,,,,,,,,0.3625,2.75862,2.75862,9.86,783.18,49.03,58811.18,757.12,49.40,58517.65,728.31,49.29,59694.71,783.11,48.28,57994.71,0.00,0.00,0.00,756.00,48.71,58137.24,756.34,48.80,57938.89
CHP,MED,MED,1080.41,60.83,29.41176471,36294,16,MED,,,,,1,AL,4,COT,1,HER,50,PE,,,,,,,,,,,,,0.5,2,32,0.85,1080.25,67.63,58811.18,1044.30,68.14,58517.65,1004.57,67.98,59694.71,1080.15,66.60,57994.71,0.00,0.00,0.00,1042.76,67.19,58137.24,1043.23,67.31,57938.89
CHP,OLF,OLF,540.21,30.42,29.41176471,36294,6,OLF,,,,,10,REA,6,VEG,,,,,,,,,,,,,,,,,0.25,4,24,1.13333,540.13,33.82,58811.18,522.15,34.07,58517.65,502.29,33.99,59694.71,540.08,33.30,57994.71,0.00,0.00,0.00,521.38,33.59,58137.24,521.61,33.65,57938.89
CLF,HMS,HMS,527.85,163.87,45.8,74380,10,HMS,,,,,6,GC,1,IND,1,NL,,,,,,,,,,,,,,,0.4375,2.28571,22.85714,1.82875,529.22,186.23,104024.56,510.56,194.84,107528.24,491.66,215.22,118012.08,528.12,181.84,102026.88,0.00,0.00,0.00,510.54,198.83,109142.23,509.69,192.64,106327.25
CLF,LC,LC,603.26,187.28,45.8,74380,10,LC,,,,,1,BLE,10,HD,10,PCB,2,SIL,,,,,,,,,,,,,0.5,2,20,2.09,604.82,212.83,104024.56,583.50,222.68,107528.24,561.90,245.97,118012.08,603.56,207.81,102026.88,0.00,0.00,0.00,583.47,227.23,109142.23,582.50,220.16,106327.25
CLF,HSS,HSS,754.08,234.1,45.8,74380,20,HSS,,,,,1,BLE,5,NL,5,PCB,5,SEN,,,,,,,,,,,,,0.625,1.6,32,1.30625,756.02,266.04,104024.56,729.38,278.35,107528.24,702.38,307.46,118012.08,754.45,259.77,102026.88,0.00,0.00,0.00,729.34,284.04,109142.23,728.12,275.20,106327.25
CLR,NFI,NFI,782.11,363.28,35.64285715,154858,1200,NFI,,,,,10,C,2,SI,,,,,,,,,,,,,,,,,0.5,2,2400,0.01338,771.54,378.63,186686.91,769.07,385.43,188552.66,726.36,408.74,202470.03,786.57,370.71,182559.74,0.00,0.00,0.00,757.55,389.42,190494.46,761.71,385.83,188469.24
CLR,TRN,TRN,244.41,113.52,35.64285715,154858,10,TRN,,,,,1,AL,1,SI,,,,,,,,,,,,,,,,,0.15625,6.4,64,0.50156,241.11,118.32,186686.91,240.33,120.45,188552.66,226.99,127.73,202470.03,245.80,115.85,182559.74,0.00,0.00,0.00,236.74,121.69,190494.46,238.03,120.57,188469.24
CLR,TRA,TRA,195.53,90.82,35.64285715,154858,1,TRA,,,,,1,CAP,1,SWF,1,TRN,,,,,,,,,,,,,,,0.125,8,8,4.0125,192.88,94.66,186686.91,192.27,96.36,188552.66,181.59,102.18,202470.03,196.64,92.68,182559.74,0.00,0.00,0.00,189.39,97.36,190494.46,190.43,96.46,188469.24
CLR,NCS,NCS,586.58,272.46,35.64285715,154858,100,NCS,,,,,1,C,,,,,,,,,,,,,,,,,,,0.375,2.66667,266.66667,0.12038,578.65,283.97,186686.91,576.80,289.07,188552.66,544.77,306.55,202470.03,589.92,278.04,182559.74,0.00,0.00,0.00,568.16,292.06,190494.46,571.28,289.37,188469.24
CLR,LDI,LDI,342.17,158.93,35.64285715,154858,6,LDI,,,,,1,GAL,1,SI,,,,,,,,,,,,,,,,,0.21875,4.57143,27.42857,1.17031,337.55,165.65,186686.91,336.47,168.63,188552.66,317.78,178.82,202470.03,344.12,162.19,182559.74,0.00,0.00,0.00,331.43,170.37,190494.46,333.25,168.80,188469.24
CLR,SWF,SWF,488.82,227.05,35.64285715,154858,30,SWF,,,,,1,AL,1,SI,,,,,,,,,,,,,,,,,0.3125,3.2,96,0.33438,482.21,236.64,186686.91,480.67,240.90,188552.66,453.97,255.46,202470.03,491.60,231.70,182559.74,0.00,0.00,0.00,473.47,243.39,190494.46,476.07,241.14,188469.24
CLR,CAP,CAP,391.06,181.64,35.64285715,154858,15,CAP,,,,,1,FE,1,SI,,,,,,,,,,,,,,,,,0.25,4,60,0.535,385.77,189.31,186686.91,384.53,192.72,188552.66,363.18,204.37,202470.03,393.28,185.36,182559.74,0.00,0.00,0.00,378.78,194.71,190494.46,380.85,192.92,188469.24
CLR,SFE,SFE,195.53,90.82,35.64285715,154858,1,SFE,,,,,1,CBS,2,CF,,,,,,,,,,,,,,,,,0.125,8,8,4.0125,192.88,94.66,186686.91,192.27,96.36,188552.66,181.59,102.18,202470.03,196.64,92.68,182559.74,0.00,0.00,0.00,189.39,97.36,190494.46,190.43,96.46,188469.24
CLR,MTC,MTC,391.06,181.64,35.64285715,154858,2,MTC,,,,,2,NCS,,,,,,,,,,,,,,,,,,,0.25,4,8,4.0125,385.77,189.31,186686.91,384.53,192.72,188552.66,363.18,204.37,202470.03,393.28,185.36,182559.74,0.00,0.00,0.00,378.78,194.71,190494.46,380.85,192.92,188469.24
CLR,MWF,MWF,488.82,227.05,35.64285715,154858,20,MWF,,,,,2,AL,2,SI,,,,,,,,,,,,,,,,,0.3125,3.2,64,0.50156,482.21,236.64,186686.91,480.67,240.90,188552.66,453.97,255.46,202470.03,491.60,231.70,182559.74,0.00,0.00,0.00,473.47,243.39,190494.46,476.07,241.14,188469.24
CLR,MFE,MFE,391.06,181.64,35.64285715,154858,1,MFE,,,,,1,CBM,4,CF,,,,,,,,,,,,,,,,,0.25,4,4,8.025,385.77,189.31,186686.91,384.53,192.72,188552.66,363.18,204.37,202470.03,393.28,185.36,182559.74,0.00,0.00,0.00,378.78,194.71,190494.46,380.85,192.92,188469.24
COL,,,137.13,22.78,21.81818182,36125,,,,,,,,,,,,,,,,,,,,,,,,,,,0.15625,6.4,0,#DIV/0!,135.17,24.78,48147.09,132.07,24.78,48049.27,126.34,24.79,48987.00,136.57,24.79,48071.73,0.00,0.00,0.00,130.90,24.65,47897.99,132.41,24.65,47792.47
DRS,CCD,CCD,1891.56,809.76,44.36363636,615388,1,CCD,,,,,1,BSC,1,DCH,,,,,,,,,,,,,,,,,0.3125,3.2,3.2,12.125,2016.25,901.87,745036.51,1830.71,864.38,716633.31,1754.03,820.99,698252.25,1847.67,815.99,680366.98,0.00,0.00,0.00,1833.84,835.90,697519.91,1799.50,818.14,683631.04
DRS,DCH,DCH,1059.28,453.46,44.36363636,615388,1,DCH,,,,,1,DRF,1,MPC,1,POW,1,SOL,,,,,,,,,,,,,0.175,5.71429,5.71429,6.79,1129.10,505.05,745036.51,1025.20,484.05,716633.31,982.26,459.75,698252.25,1034.70,456.95,680366.98,0.00,0.00,0.00,1026.95,468.10,697519.91,1007.72,458.16,683631.04
DRS,SUD,SUD,2269.88,971.71,44.36363636,615388,1,SUD,,,,,1,BSC,1,DCH,1,SAR,,,,,,,,,,,,,,,0.375,2.66667,2.66667,14.55,2419.50,1082.24,745036.51,2196.85,1037.26,716633.31,2104.83,985.19,698252.25,2217.21,979.18,680366.98,0.00,0.00,0.00,2200.61,1003.08,697519.91,2159.40,981.76,683631.04
DRS,RED,RED,1891.56,809.76,44.36363636,615388,1,RED,,,,,1,DCH,1,SAR,,,,,,,,,,,,,,,,,0.3125,3.2,3.2,12.125,2016.25,901.87,745036.51,1830.71,864.38,716633.31,1754.03,820.99,698252.25,1847.67,815.99,680366.98,0.00,0.00,0.00,1833.84,835.90,697519.91,1799.50,818.14,683631.04
DRS,SRD,SRD,1891.56,809.76,44.36363636,615388,1,SRD,,,,,1,DCH,1,SAR,2,UTS,,,,,,,,,,,,,,,0.3125,3.2,3.2,12.125,2016.25,901.87,745036.51,1830.71,864.38,716633.31,1754.03,820.99,698252.25,1847.67,815.99,680366.98,0.00,0.00,0.00,1833.84,835.90,697519.91,1799.50,818.14,683631.04
DRS,SDR,SDR,2648.19,1133.66,44.36363636,615388,1,SDR,,,,,1,BSC,1,DCH,1,SEQ,,,,,,,,,,,,,,,0.4375,2.28571,2.28571,16.975,2822.76,1262.62,745036.51,2563.00,1210.14,716633.31,2455.65,1149.39,698252.25,2586.75,1142.38,680366.98,0.00,0.00,0.00,2567.38,1170.26,697519.91,2519.31,1145.39,683631.04
DRS,DRF,DRF_1,756.63,323.9,44.36363636,615388,1,DRF,,,,,1,DCS,50,NFI,,,,,,,,,,,,,,,,,0.125,8,8,4.85,806.50,360.75,745036.51,732.29,345.75,716633.31,701.61,328.40,698252.25,739.07,326.39,680366.98,0.00,0.00,0.00,733.54,334.36,697519.91,719.80,327.25,683631.04
ECA,CBL,CBL,526.08,809.76,45.09090909,496204,1,CBL,,,,,12,BE,60,HCC,12,LI,150,PG,,,,,,,,,,,,,0.3125,3.2,3.2,12.5625,516.94,903.11,585491.56,519.33,865.62,562988.07,488.23,822.24,545037.42,529.73,817.23,534347.78,0.00,0.00,0.00,509.74,837.13,547287.44,513.40,819.37,536077.53
ECA,POW,POW,210.43,323.9,45.09090909,496204,1,POW,,,,,4,LI,1,NCS,,,,,,,,,,,,,,,,,0.125,8,8,5.025,206.78,361.24,585491.56,207.73,346.25,562988.07,195.29,328.89,545037.42,211.89,326.89,534347.78,0.00,0.00,0.00,203.90,334.85,547287.44,205.36,327.75,536077.53
ECA,SOL,SOL,210.43,323.9,45.09090909,496204,12,SOL,,,,,4,BCO,1,BRO,2,CU,2,SI,,,,,,,,,,,,,0.125,8,96,0.41875,206.78,361.24,585491.56,207.73,346.25,562988.07,195.29,328.89,545037.42,211.89,326.89,534347.78,0.00,0.00,0.00,203.90,334.85,547287.44,205.36,327.75,536077.53
ECA,FIR,FIR,3682.57,5668.3,45.09090909,496204,1,FIR,,,,,1,ACS,8,AFR,10,CTF,4,EES,1,RCS,10,WAL,,,,,,,,,2.1875,0.45714,0.45714,87.9375,3618.63,6321.82,585491.56,3635.30,6059.39,562988.07,3417.66,5755.69,545037.42,3708.14,5720.66,534347.78,0.00,0.00,0.00,3568.19,5859.94,547287.44,3593.85,5735.61,536077.53
ECA,RAG,RAG,2630.41,4048.78,45.09090909,496204,1,RAG,,,,,1,ACS,8,AST,4,BFR,6,CF,4,ETC,1,RCS,,,,,,,,,1.5625,0.64,0.64,62.8125,2584.72,4515.56,585491.56,2596.63,4328.11,562988.07,2441.17,4111.18,545037.42,2648.66,4086.16,534347.78,0.00,0.00,0.00,2548.69,4185.64,547287.44,2567.02,4096.84,536077.53
ECA,CBS,CBS,315.65,485.85,45.09090909,496204,1,CBS,,,,,20,BCO,6,BE,6,LI,60,PG,,,,,,,,,,,,,0.1875,5.33333,5.33333,7.5375,310.17,541.87,585491.56,311.60,519.37,562988.07,292.94,493.34,545037.42,317.84,490.34,534347.78,0.00,0.00,0.00,305.84,502.28,547287.44,308.04,491.62,536077.53
ECA,SP,SP,315.65,485.85,45.09090909,496204,12,SP,,,,,8,GL,24,SOL,,,,,,,,,,,,,,,,,0.1875,5.33333,64,0.62813,310.17,541.87,585491.56,311.60,519.37,562988.07,292.94,493.34,545037.42,317.84,490.34,534347.78,0.00,0.00,0.00,305.84,502.28,547287.44,308.04,491.62,536077.53
ECA,CBM,CBM,420.87,647.81,45.09090909,496204,1,CBM,,,,,8,BE,40,BGC,8,LI,120,PG,,,,,,,,,,,,,0.25,4,4,10.05,413.56,722.49,585491.56,415.46,692.50,562988.07,390.59,657.79,545037.42,423.78,653.79,534347.78,0.00,0.00,0.00,407.79,669.70,547287.44,410.72,655.49,536077.53
EDM,SCN,SCN,1131.11,512.42,39.33333333,131680,8,SCN,,,,,4,CU,100,PE,,,,,,,,,,,,,,,,,0.75,1.33333,10.66667,3.375,1134.04,533.98,154160.87,1094.07,555.77,159373.47,1053.57,590.07,169351.27,1131.68,533.78,153916.60,0.00,0.00,0.00,1094.01,561.24,160613.97,1092.19,554.82,158862.37
EDM,HOG,HOG,282.78,128.1,39.33333333,131680,1,HOG,,,,,1,DCS,1,HD,1,NG,,,,,,,,,,,,,,,0.1875,5.33333,5.33333,6.75,283.51,133.50,154160.87,273.52,138.94,159373.47,263.39,147.52,169351.27,282.92,133.45,153916.60,0.00,0.00,0.00,273.50,140.31,160613.97,273.05,138.70,158862.37
EDM,RAD,RAD,188.52,85.4,39.33333333,131680,1,RAD,,,,,1,DCS,1,POW,1,SFK,,,,,,,,,,,,,,,0.125,8,8,4.5,189.01,89.00,154160.87,182.34,92.63,159373.47,175.59,98.34,169351.27,188.61,88.96,153916.60,0.00,0.00,0.00,182.33,93.54,160613.97,182.03,92.47,158862.37
EDM,MHP,MHP,188.52,85.4,39.33333333,131680,1,MHP,,,,,1,PCB,1,TRA,,,,,,,,,,,,,,,,,0.125,8,8,4.5,189.01,89.00,154160.87,182.34,92.63,159373.47,175.59,98.34,169351.27,188.61,88.96,153916.60,0.00,0.00,0.00,182.33,93.54,160613.97,182.03,92.47,158862.37
EDM,BID,BID,282.78,128.1,39.33333333,131680,2,BID,,,,,2,CD,1,KV,2,SAR,,,,,,,,,,,,,,,0.1875,5.33333,10.66667,3.375,283.51,133.50,154160.87,273.52,138.94,159373.47,263.39,147.52,169351.27,282.92,133.45,153916.60,0.00,0.00,0.00,273.50,140.31,160613.97,273.05,138.70,158862.37
EEP,EES,EES,19360.05,2661.75,124.25,1291820,1,EES,,,,,1,ES,4,FLX,4,REA,,,,,,,,,,,,,,,0.75,1.33333,1.33333,87.6,21165.95,3053.76,1557832.60,18161.15,2920.34,1501132.90,17830.24,2795.60,1479848.30,18557.90,2801.92,1454312.30,0.00,0.00,0.00,18416.04,2845.06,1463592.75,18269.35,2776.04,1448298.90
EEP,ES,ES,8066.69,1109.06,124.25,1291820,10,ES,,,,,1,LES,,,,,,,,,,,,,,,,,,,0.3125,3.2,32,3.65,8819.13,1272.40,1557832.60,7567.13,1216.81,1501132.90,7429.25,1164.83,1479848.30,7732.44,1167.47,1454312.30,0.00,0.00,0.00,7673.33,1185.44,1463592.75,7612.21,1156.68,1448298.90
ELP,SAR,SAR,904.67,832.43,45.27272727,410428,1,SAR,,,,,4,PCB,16,SEN,,,,,,,,,,,,,,,,,0.41875,2.38806,2.38806,17.00125,878.87,946.36,491601.24,903.11,907.29,473675.85,837.88,838.91,452898.62,914.20,861.52,452564.80,0.00,0.00,0.00,877.44,878.45,462446.45,888.08,858.14,452314.23
ELP,CD,CD,904.67,832.43,45.27272727,410428,1,CD,,,,,2,BCO,1,DIS,,,,,,,,,,,,,,,,,0.41875,2.38806,2.38806,17.00125,878.87,946.36,491601.24,903.11,907.29,473675.85,837.88,838.91,452898.62,914.20,861.52,452564.80,0.00,0.00,0.00,877.44,878.45,462446.45,888.08,858.14,452314.23
ELP,AAR,AAR,904.67,832.43,45.27272727,410428,3,AAR,,,,,2,AU,1,KV,4,PCB,6,SWF,,,,,,,,,,,,,0.41875,2.38806,7.16418,5.66708,878.87,946.36,491601.24,903.11,907.29,473675.85,837.88,838.91,452898.62,914.20,861.52,452564.80,0.00,0.00,0.00,877.44,878.45,462446.45,888.08,858.14,452314.23
ELP,AWF,AWF,877.66,807.58,45.27272727,410428,5,AWF,,,,,10,BAC,1,MAG,10,PE,,,,,,,,,,,,,,,0.40625,2.46154,12.30769,3.29875,852.64,918.11,491601.24,876.15,880.20,473675.85,812.87,813.87,452898.62,886.91,835.80,452564.80,0.00,0.00,0.00,851.25,852.23,462446.45,861.57,832.52,452314.23
ELP,BWS,BWS,675.13,621.22,45.27272727,410428,1,BWS,,,,,1,DCM,1,HD,1,MB,,,,,,,,,,,,,,,0.3125,3.2,3.2,12.6875,655.88,706.24,491601.24,673.96,677.08,473675.85,625.28,626.06,452898.62,682.24,642.93,452564.80,0.00,0.00,0.00,654.81,655.56,462446.45,662.75,640.40,452314.23
ELP,HPC,HPC,472.59,434.85,45.27272727,410428,1,HPC,,,,,1,CD,1,DCS,1,MB,,,,,,,,,,,,,,,0.21875,4.57143,4.57143,8.88125,459.11,494.37,491601.24,471.77,473.96,473675.85,437.70,438.24,452898.62,477.57,450.05,452564.80,0.00,0.00,0.00,458.37,458.89,462446.45,463.92,448.28,452314.23
ELP,BMF,BMF,945.18,869.7,45.27272727,410428,1,BMF,,,,,1,DCL,1,FAN,1,MB,1,TPU,,,,,,,,,,,,,0.4375,2.28571,2.28571,17.7625,918.23,988.73,491601.24,943.55,947.91,473675.85,875.40,876.48,452898.62,955.13,900.10,452564.80,0.00,0.00,0.00,916.73,917.79,462446.45,927.85,896.56,452314.23
ELP,LFE,LFE,675.13,621.22,45.27272727,410428,1,LFE,,,,,1,CBL,3,CTF,,,,,,,,,,,,,,,,,0.3125,3.2,3.2,12.6875,655.88,706.24,491601.24,673.96,677.08,473675.85,625.28,626.06,452898.62,682.24,642.93,452564.80,0.00,0.00,0.00,654.81,655.56,462446.45,662.75,640.40,452314.23
EXT,,,329.1,45.56,34.57142858,38102,,,,,,,,,,,,,,,,,,,,,,,,,,,0.3125,3.2,0,#DIV/0!,324.41,52.05,59877.77,316.97,52.03,59631.09,303.23,52.07,61119.89,327.77,52.07,59703.03,0.00,0.00,0.00,314.16,51.75,59495.77,317.77,51.77,59291.52
FER,VIT,VIT,904.89,149.47,35.71428572,64250,20,VIT,,,,,1,AMM,1,CA,10,DW,1,I,4,PIB,,,,,,,,,,,0.5,2,40,0.805,907.23,158.92,85854.29,875.25,166.47,88462.86,842.85,177.93,94082.71,905.34,157.61,85114.29,0.00,0.00,0.00,875.20,167.76,88826.46,873.75,165.82,87936.86
FER,WIN,WIN,904.89,149.47,35.71428572,64250,10,WIN,,,,,1,AMM,20,DW,15,GRA,15,REA,,,,,,,,,,,,,0.5,2,20,1.61,907.23,158.92,85854.29,875.25,166.47,88462.86,842.85,177.93,94082.71,905.34,157.61,85114.29,0.00,0.00,0.00,875.20,167.76,88826.46,873.75,165.82,87936.86
FER,GIN,GIN,735.22,121.45,35.71428572,64250,4,GIN,,,,,1,AMM,2,DW,1,ES,2,GRN,,,,,,,,,,,,,0.40625,2.46154,9.84615,3.27031,737.12,129.12,85854.29,711.14,135.26,88462.86,684.82,144.57,94082.71,735.59,128.06,85114.29,0.00,0.00,0.00,711.10,136.30,88826.46,709.92,134.73,87936.86
FER,ALE,ALE,723.91,119.58,35.71428572,64250,6,ALE,,,,,1,AMM,3,DW,2,GRN,1,HOP,,,,,,,,,,,,,0.4,2.5,15,2.14667,725.78,127.13,85854.29,700.20,133.18,88462.86,674.28,142.34,94082.71,724.27,126.09,85114.29,0.00,0.00,0.00,700.16,134.21,88826.46,699.00,132.66,87936.86
FER,KOM,KOM,395.89,65.39,35.71428572,64250,6,KOM,,,,,1,AMM,4,DW,1,HER,,,,,,,,,,,,,,,0.21875,4.57143,27.42857,1.17396,396.91,69.53,85854.29,382.92,72.83,88462.86,368.75,77.84,94082.71,396.09,68.95,85114.29,0.00,0.00,0.00,382.90,73.39,88826.46,382.26,72.55,87936.86
FP,DW,DW_1,87.76,13.63,17.71428571,27528,10,DW,,,,,10,H2O,1,PG,,,,,,,,,,,,,,,,,0.125,8,80,0.2,86.51,14.84,37524.54,84.53,14.77,37353.89,80.86,14.74,38028.63,87.41,14.80,37403.06,0.00,0.00,0.00,83.78,14.71,37260.63,84.74,14.73,37197.59
FP,DW,DW_2,43.88,6.81,17.71428571,27528,7,DW,,,,,10,H2O,,,,,,,,,,,,,,,,,,,0.0625,16,112,0.14286,43.25,7.42,37524.54,42.26,7.39,37353.89,40.43,7.37,38028.63,43.70,7.40,37403.06,0.00,0.00,0.00,41.89,7.36,37260.63,42.37,7.36,37197.59
FP,PPA,PPA_1,219.4,34.06,17.71428571,27528,6,PPA,,,,,1,ALG,1,BEA,1,H2O,,,,,,,,,,,,,,,0.3125,3.2,19.2,0.83333,216.27,37.10,37524.54,211.31,36.93,37353.89,202.15,36.85,38028.63,218.51,37.00,37403.06,0.00,0.00,0.00,209.44,36.78,37260.63,211.85,36.82,37197.59
FP,COF,COF,131.64,20.44,17.71428571,27528,3,COF,,,,,1,CAF,3,DW,,,,,,,,,,,,,,,,,0.1875,5.33333,16,1,129.77,22.26,37524.54,126.79,22.16,37353.89,121.29,22.11,38028.63,131.11,22.20,37403.06,0.00,0.00,0.00,125.66,22.07,37260.63,127.11,22.09,37197.59
FP,RAT,RAT_1,109.7,17.03,17.71428571,27528,10,RAT,,,,,1,ALG,1,GRN,1,NUT,,,,,,,,,,,,,,,0.15625,6.4,64,0.25,108.14,18.55,37524.54,105.66,18.47,37353.89,101.08,18.42,38028.63,109.26,18.50,37403.06,0.00,0.00,0.00,104.72,18.39,37260.63,105.92,18.41,37197.59
FP,RAT,RAT_2,109.7,17.03,17.71428571,27528,10,RAT,,,,,1,ALG,1,GRN,1,VEG,,,,,,,,,,,,,,,0.15625,6.4,64,0.25,108.14,18.55,37524.54,105.66,18.47,37353.89,101.08,18.42,38028.63,109.26,18.50,37403.06,0.00,0.00,0.00,104.72,18.39,37260.63,105.92,18.41,37197.59
FP,RAT,RAT_3,109.7,17.03,17.71428571,27528,10,RAT,,,,,1,BEA,1,GRN,1,NUT,,,,,,,,,,,,,,,0.15625,6.4,64,0.25,108.14,18.55,37524.54,105.66,18.47,37353.89,101.08,18.42,38028.63,109.26,18.50,37403.06,0.00,0.00,0.00,104.72,18.39,37260.63,105.92,18.41,37197.59
FP,RAT,RAT_4,109.7,17.03,17.71428571,27528,10,RAT,,,,,1,BEA,1,GRN,1,VEG,,,,,,,,,,,,,,,0.15625,6.4,64,0.25,108.14,18.55,37524.54,105.66,18.47,37353.89,101.08,18.42,38028.63,109.26,18.50,37403.06,0.00,0.00,0.00,104.72,18.39,37260.63,105.92,18.41,37197.59
FP,RAT,RAT_5,109.7,17.03,17.71428571,27528,10,RAT,,,,,1,ALG,1,MAI,1,NUT,,,,,,,,,,,,,,,0.15625,6.4,64,0.25,108.14,18.55,37524.54,105.66,18.47,37353.89,101.08,18.42,38028.63,109.26,18.50,37403.06,0.00,0.00,0.00,104.72,18.39,37260.63,105.92,18.41,37197.59
FP,RAT,RAT_6,109.7,17.03,17.71428571,27528,10,RAT,,,,,1,ALG,1,MAI,1,VEG,,,,,,,,,,,,,,,0.15625,6.4,64,0.25,108.14,18.55,37524.54,105.66,18.47,37353.89,101.08,18.42,38028.63,109.26,18.50,37403.06,0.00,0.00,0.00,104.72,18.39,37260.63,105.92,18.41,37197.59
FP,RAT,RAT_7,109.7,17.03,17.71428571,27528,10,RAT,,,,,1,BEA,1,MAI,1,NUT,,,,,,,,,,,,,,,0.15625,6.4,64,0.25,108.14,18.55,37524.54,105.66,18.47,37353.89,101.08,18.42,38028.63,109.26,18.50,37403.06,0.00,0.00,0.00,104.72,18.39,37260.63,105.92,18.41,37197.59
FP,RAT,RAT_8,109.7,17.03,17.71428571,27528,10,RAT,,,,,1,BEA,1,MAI,1,VEG,,,,,,,,,,,,,,,0.15625,6.4,64,0.25,108.14,18.55,37524.54,105.66,18.47,37353.89,101.08,18.42,38028.63,109.26,18.50,37403.06,0.00,0.00,0.00,104.72,18.39,37260.63,105.92,18.41,37197.59
FP,RAT,RAT_9,109.7,17.03,17.71428571,27528,10,RAT,,,,,1,GRN,1,MUS,1,NUT,,,,,,,,,,,,,,,0.15625,6.4,64,0.25,108.14,18.55,37524.54,105.66,18.47,37353.89,101.08,18.42,38028.63,109.26,18.50,37403.06,0.00,0.00,0.00,104.72,18.39,37260.63,105.92,18.41,37197.59
FP,RAT,RAT_10,109.7,17.03,17.71428571,27528,10,RAT,,,,,1,MAI,1,MUS,1,NUT,,,,,,,,,,,,,,,0.15625,6.4,64,0.25,108.14,18.55,37524.54,105.66,18.47,37353.89,101.08,18.42,38028.63,109.26,18.50,37403.06,0.00,0.00,0.00,104.72,18.39,37260.63,105.92,18.41,37197.59
FP,RAT,RAT_11,109.7,17.03,17.71428571,27528,10,RAT,,,,,1,GRN,1,MUS,1,VEG,,,,,,,,,,,,,,,0.15625,6.4,64,0.25,108.14,18.55,37524.54,105.66,18.47,37353.89,101.08,18.42,38028.63,109.26,18.50,37403.06,0.00,0.00,0.00,104.72,18.39,37260.63,105.92,18.41,37197.59
FP,RAT,RAT_12,109.7,17.03,17.71428571,27528,10,RAT,,,,,1,MAI,1,MUS,1,VEG,,,,,,,,,,,,,,,0.15625,6.4,64,0.25,108.14,18.55,37524.54,105.66,18.47,37353.89,101.08,18.42,38028.63,109.26,18.50,37403.06,0.00,0.00,0.00,104.72,18.39,37260.63,105.92,18.41,37197.59
FP,PPA,PPA_2,131.64,20.44,17.71428571,27528,4,PPA,,,,,2,ALG,1,H2O,,,,,,,,,,,,,,,,,0.1875,5.33333,21.33333,0.75,129.77,22.26,37524.54,126.79,22.16,37353.89,121.29,22.11,38028.63,131.11,22.20,37403.06,0.00,0.00,0.00,125.66,22.07,37260.63,127.11,22.09,37197.59
FP,PPA,PPA_3,131.64,20.44,17.71428571,27528,4,PPA,,,,,2,BEA,1,H2O,,,,,,,,,,,,,,,,,0.1875,5.33333,21.33333,0.75,129.77,22.26,37524.54,126.79,22.16,37353.89,121.29,22.11,38028.63,131.11,22.20,37403.06,0.00,0.00,0.00,125.66,22.07,37260.63,127.11,22.09,37197.59
FP,MEA,MEA,285.22,44.28,17.71428571,27528,2,MEA,,,,,2,FIM,1,MTP,,,,,,,,,,,,,,,,,0.40625,2.46154,4.92308,3.25,281.16,48.23,37524.54,274.71,48.01,37353.89,262.79,47.90,38028.63,284.07,48.10,37403.06,0.00,0.00,0.00,272.27,47.81,37260.63,275.40,47.87,37197.59
FP,FIM,FIM,219.4,34.06,17.71428571,27528,2,FIM,,,,,1,HER,2,RAT,,,,,,,,,,,,,,,,,0.3125,3.2,6.4,2.5,216.27,37.10,37524.54,211.31,36.93,37353.89,202.15,36.85,38028.63,218.51,37.00,37403.06,0.00,0.00,0.00,209.44,36.78,37260.63,211.85,36.82,37197.59
FP,FOD,FOD,219.4,34.06,17.71428571,27528,16,FOD,,,,,5,MAI,5,NUT,5,VEG,,,,,,,,,,,,,,,0.3125,3.2,51.2,0.3125,216.27,37.10,37524.54,211.31,36.93,37353.89,202.15,36.85,38028.63,218.51,37.00,37403.06,0.00,0.00,0.00,209.44,36.78,37260.63,211.85,36.82,37197.59
FRM,NUT,NUT,822.75,87.29,38.46153846,26645,12,NUT,,,,,1,H2O,,,,,,,,,,,,,,,,,,,0.9375,1.06667,12.8,2.73438,811.03,109.87,47743.08,792.42,109.19,47487.69,758.06,108.90,49017.38,819.42,109.73,47597.69,0.00,0.00,0.00,785.39,109.16,47509.34,794.43,109.17,47303.39
FRM,BEA,BEA_1,137.13,14.55,38.46153846,26645,2,BEA,,,,,1,H2O,,,,,,,,,,,,,,,,,,,0.15625,6.4,12.8,2.73438,135.17,18.31,47743.08,132.07,18.20,47487.69,126.34,18.15,49017.38,136.57,18.29,47597.69,0.00,0.00,0.00,130.90,18.19,47509.34,132.41,18.20,47303.39
FRM,GRN,GRN_1,274.25,29.1,38.46153846,26645,4,GRN,,,,,1,H2O,,,,,,,,,,,,,,,,,,,0.3125,3.2,12.8,2.73438,270.34,36.62,47743.08,264.14,36.40,47487.69,252.69,36.30,49017.38,273.14,36.58,47597.69,0.00,0.00,0.00,261.80,36.39,47509.34,264.81,36.39,47303.39
FRM,RCO,RCO_1,219.4,23.28,38.46153846,26645,2,RCO,,,,,2,H2O,4,NS,,,,,,,,,,,,,,,,,0.25,4,8,4.375,216.28,29.30,47743.08,211.31,29.12,47487.69,202.15,29.04,49017.38,218.51,29.26,47597.69,0.00,0.00,0.00,209.44,29.11,47509.34,211.85,29.11,47303.39
FRM,RCO,RCO_2,329.1,34.92,38.46153846,26645,1,RCO,,,,,2,H2O,,,,,,,,,,,,,,,,,,,0.375,2.66667,2.66667,13.125,324.41,43.95,47743.08,316.97,43.67,47487.69,303.22,43.56,49017.38,327.77,43.89,47597.69,0.00,0.00,0.00,314.16,43.66,47509.34,317.77,43.67,47303.39
FRM,HCP,HCP_1,274.25,29.1,38.46153846,26645,4,HCP,,,,,2,H2O,,,,,,,,,,,,,,,,,,,0.3125,3.2,12.8,2.73438,270.34,36.62,47743.08,264.14,36.40,47487.69,252.69,36.30,49017.38,273.14,36.58,47597.69,0.00,0.00,0.00,261.80,36.39,47509.34,264.81,36.39,47303.39
FRM,VEG,VEG_1,246.83,26.19,38.46153846,26645,4,VEG,,,,,3,H2O,,,,,,,,,,,,,,,,,,,0.28125,3.55556,14.22222,2.46094,243.31,32.96,47743.08,237.73,32.76,47487.69,227.42,32.67,49017.38,245.83,32.92,47597.69,0.00,0.00,0.00,235.62,32.75,47509.34,238.33,32.75,47303.39
FRM,HER,HER,1097,116.39,38.46153846,26645,4,HER,,,,,1,DDT,4,H2O,,,,,,,,,,,,,,,,,1.25,0.8,3.2,10.9375,1081.38,146.50,47743.08,1056.56,145.58,47487.69,1010.75,145.19,49017.38,1092.56,146.31,47597.69,0.00,0.00,0.00,1047.19,145.55,47509.34,1059.24,145.56,47303.39
FRM,MAI,MAI_1,767.9,81.47,38.46153846,26645,12,MAI,,,,,4,H2O,,,,,,,,,,,,,,,,,,,0.875,1.14286,13.71429,2.55208,756.96,102.55,47743.08,739.59,101.91,47487.69,707.52,101.64,49017.38,764.79,102.41,47597.69,0.00,0.00,0.00,733.03,101.88,47509.34,741.47,101.89,47303.39
FRM,GRN,GRN_2,205.69,21.82,38.46153846,26645,4,GRN,,,,,4,H2O,,,,,,,,,,,,,,,,,,,0.23438,4.26667,17.06667,2.05078,202.76,27.47,47743.08,198.11,27.30,47487.69,189.52,27.22,49017.38,204.86,27.43,47597.69,0.00,0.00,0.00,196.35,27.29,47509.34,198.61,27.29,47303.39
FRM,BEA,BEA_2,219.4,23.28,38.46153846,26645,4,BEA,,,,,6,H2O,,,,,,,,,,,,,,,,,,,0.25,4,16,2.1875,216.28,29.30,47743.08,211.31,29.12,47487.69,202.15,29.04,49017.38,218.51,29.26,47597.69,0.00,0.00,0.00,209.44,29.11,47509.34,211.85,29.11,47303.39
FS,FLO,FLO,754.08,109.89,34.92857143,48260,1,FLO,,,,,10,AL,4,STL,,,,,,,,,,,,,,,,,0.5,2,2,15.5,756.02,116.67,68136.06,729.38,123.31,70507.80,702.38,134.72,76103.31,754.45,114.36,67114.31,0.00,0.00,0.00,729.34,124.87,70975.60,728.12,123.24,70220.37
FS,BRO,BRO,377.04,54.94,34.92857143,48260,3,BRO,,,,,1,AL,2,CU,,,,,,,,,,,,,,,,,0.25,4,12,2.58333,378.01,58.33,68136.06,364.69,61.65,70507.80,351.19,67.36,76103.31,377.23,57.18,67114.31,0.00,0.00,0.00,364.67,62.43,70975.60,364.06,61.62,70220.37
FS,BGC,BGC,282.78,41.21,34.92857143,48260,10,BGC,,,,,1,BGO,300,PE,,,,,,,,,,,,,,,,,0.1875,5.33333,53.33333,0.58125,283.51,43.75,68136.06,273.52,46.24,70507.80,263.39,50.52,76103.31,282.92,42.89,67114.31,0.00,0.00,0.00,273.50,46.83,70975.60,273.05,46.22,70220.37
FS,BCO,BCO,282.78,41.21,34.92857143,48260,10,BCO,,,,,1,CU,300,PE,,,,,,,,,,,,,,,,,0.1875,5.33333,53.33333,0.58125,283.51,43.75,68136.06,273.52,46.24,70507.80,263.39,50.52,76103.31,282.92,42.89,67114.31,0.00,0.00,0.00,273.50,46.83,70975.60,273.05,46.22,70220.37
FS,SFK,SFK,113.11,16.48,34.92857143,48260,16,SFK,,,,,1,FE,,,,,,,,,,,,,,,,,,,0.075,13.33333,213.33333,0.14531,113.40,17.50,68136.06,109.41,18.50,70507.80,105.36,20.21,76103.31,113.17,17.15,67114.31,0.00,0.00,0.00,109.40,18.73,70975.60,109.22,18.49,70220.37
FS,HCC,HCC,282.78,41.21,34.92857143,48260,10,HCC,,,,,300,PE,1,RGO,,,,,,,,,,,,,,,,,0.1875,5.33333,53.33333,0.58125,283.51,43.75,68136.06,273.52,46.24,70507.80,263.39,50.52,76103.31,282.92,42.89,67114.31,0.00,0.00,0.00,273.50,46.83,70975.60,273.05,46.22,70220.37
FS,BFR,BFR,471.3,68.68,34.92857143,48260,1,BFR,,,,,1,AL,1,STL,,,,,,,,,,,,,,,,,0.3125,3.2,3.2,9.6875,472.52,72.92,68136.06,455.86,77.07,70507.80,438.98,84.20,76103.31,471.53,71.48,67114.31,0.00,0.00,0.00,455.84,78.04,70975.60,455.08,77.03,70220.37
FS,MFK,MFK,113.11,16.48,34.92857143,48260,8,MFK,,,,,1,STL,,,,,,,,,,,,,,,,,,,0.075,13.33333,106.66667,0.29063,113.40,17.50,68136.06,109.41,18.50,70507.80,105.36,20.21,76103.31,113.17,17.15,67114.31,0.00,0.00,0.00,109.40,18.73,70975.60,109.22,18.49,70220.37
FS,AFR,AFR,565.56,82.42,34.92857143,48260,1,AFR,,,,,1,AL,1,ZR,,,,,,,,,,,,,,,,,0.375,2.66667,2.66667,11.625,567.02,87.50,68136.06,547.03,92.48,70507.80,526.78,101.04,76103.31,565.84,85.77,67114.31,0.00,0.00,0.00,547.00,93.65,70975.60,546.09,92.43,70220.37
FS,UTS,UTS,377.04,54.94,34.92857143,48260,1,UTS,,,,,6,FE,2,SFK,,,,,,,,,,,,,,,,,0.25,4,4,7.75,378.01,58.33,68136.06,364.69,61.65,70507.80,351.19,67.36,76103.31,377.23,57.18,67114.31,0.00,0.00,0.00,364.67,62.43,70975.60,364.06,61.62,70220.37
FS,SEQ,SEQ,282.78,41.21,34.92857143,48260,1,SEQ,,,,,1,HOG,2,STL,2,TI,,,,,,,,,,,,,,,0.1875,5.33333,5.33333,5.8125,283.51,43.75,68136.06,273.52,46.24,70507.80,263.39,50.52,76103.31,282.92,42.89,67114.31,0.00,0.00,0.00,273.50,46.83,70975.60,273.05,46.22,70220.37
FS,RGO,RGO,377.04,54.94,34.92857143,48260,5,RGO,,,,,4,AU,1,CU,,,,,,,,,,,,,,,,,0.25,4,20,1.55,378.01,58.33,68136.06,364.69,61.65,70507.80,351.19,67.36,76103.31,377.23,57.18,67114.31,0.00,0.00,0.00,364.67,62.43,70975.60,364.06,61.62,70220.37
FS,BGO,BGO,377.04,54.94,34.92857143,48260,5,BGO,,,,,4,AU,1,FE,,,,,,,,,,,,,,,,,0.25,4,20,1.55,378.01,58.33,68136.06,364.69,61.65,70507.80,351.19,67.36,76103.31,377.23,57.18,67114.31,0.00,0.00,0.00,364.67,62.43,70975.60,364.06,61.62,70220.37
GF,NG,NG,1809.78,344.79,40.33333333,96670,10,NG,,,,,10,GL,10,NCS,,,,,,,,,,,,,,,,,0.75,1.33333,13.33333,2.745,1814.46,351.07,116594.07,1750.50,361.48,119116.27,1685.70,360.76,120683.20,1810.68,357.20,117796.87,0.00,0.00,0.00,1750.41,357.55,117994.34,1747.50,361.42,118741.78
GF,RG,RG_1,1734.37,330.43,40.33333333,96670,10,RG,,,,,10,GL,15,PG,1,SEN,,,,,,,,,,,,,,,0.71875,1.3913,13.91304,2.63063,1738.86,336.44,116594.07,1677.57,346.42,119116.27,1615.47,345.73,120683.20,1735.24,342.31,117796.87,0.00,0.00,0.00,1677.48,342.65,117994.34,1674.69,346.36,118741.78
GF,RG,RG_2,1960.6,373.52,40.33333333,96670,10,RG,,,,,10,GL,15,PG,,,,,,,,,,,,,,,,,0.8125,1.23077,12.30769,2.97375,1965.66,380.32,116594.07,1896.37,391.60,119116.27,1826.17,390.82,120683.20,1961.57,386.96,117796.87,0.00,0.00,0.00,1896.27,387.34,117994.34,1893.12,391.53,118741.78
GF,TUB,TUB,301.63,57.47,40.33333333,96670,20,TUB,,,,,10,GL,,,,,,,,,,,,,,,,,,,0.125,8,160,0.22875,302.41,58.51,116594.07,291.75,60.25,119116.27,280.95,60.13,120683.20,301.78,59.53,117796.87,0.00,0.00,0.00,291.73,59.59,117994.34,291.25,60.24,118741.78
GF,LIT,LIT,1206.52,229.86,40.33333333,96670,1,LIT,,,,,16,NE,8,RG,,,,,,,,,,,,,,,,,0.5,2,2,18.3,1209.64,234.05,116594.07,1167.00,240.99,119116.27,1123.80,240.51,120683.20,1207.12,238.13,117796.87,0.00,0.00,0.00,1166.94,238.36,117994.34,1165.00,240.94,118741.78
GF,GCH,GCH,1055.71,201.13,40.33333333,96670,1,GCH,,,,,1,GV,20,RG,,,,,,,,,,,,,,,,,0.4375,2.28571,2.28571,16.0125,1058.44,204.79,116594.07,1021.13,210.86,119116.27,983.33,210.44,120683.20,1056.23,208.37,117796.87,0.00,0.00,0.00,1021.07,208.57,117994.34,1019.37,210.83,118741.78
GF,GNZ,GNZ,2262.23,430.99,40.33333333,96670,1,GNZ,,,,,1,GCH,20,RG,1,TI,,,,,,,,,,,,,,,0.9375,1.06667,1.06667,34.3125,2268.07,438.83,116594.07,2188.12,451.85,119116.27,2107.12,450.95,120683.20,2263.34,446.49,117796.87,0.00,0.00,0.00,2188.00,446.93,117994.34,2184.36,451.77,118741.78
GF,GL,GL_1,1085.87,206.88,40.33333333,96670,12,GL,,,,,1,FLX,1,NA,2,SIO,,,,,,,,,,,,,,,0.45,2.22222,26.66667,1.3725,1088.68,210.64,116594.07,1050.30,216.89,119116.27,1011.42,216.46,120683.20,1086.41,214.32,117796.87,0.00,0.00,0.00,1050.25,214.53,117994.34,1048.50,216.85,118741.78
GF,GL,GL_2,754.08,143.66,40.33333333,96670,10,GL,,,,,1,NA,1,SEN,2,SIO,,,,,,,,,,,,,,,0.3125,3.2,32,1.14375,756.02,146.28,116594.07,729.38,150.62,119116.27,702.38,150.32,120683.20,754.45,148.83,117796.87,0.00,0.00,0.00,729.34,148.98,117994.34,728.12,150.59,118741.78
GF,GL,GL_3,904.89,172.4,40.33333333,96670,10,GL,,,,,1,NA,2,SIO,,,,,,,,,,,,,,,,,0.375,2.66667,26.66667,1.3725,907.23,175.53,116594.07,875.25,180.74,119116.27,842.85,180.38,120683.20,905.34,178.60,117796.87,0.00,0.00,0.00,875.20,178.77,117994.34,873.75,180.71,118741.78
GF,GEN,GEN,1885.19,359.16,40.33333333,96670,1,GEN,,,,,4,GNZ,4,LFP,1,MFK,50,NG,10,THF,,,,,,,,,,,0.78125,1.28,1.28,28.59375,1890.06,365.70,116594.07,1823.44,376.54,119116.27,1755.94,375.79,120683.20,1886.13,372.08,117796.87,0.00,0.00,0.00,1823.34,372.44,117994.34,1820.31,376.48,118741.78
HWP,LHP,LHP,327.49,45.65,35.42857143,63932,4,LHP,,,,,12,AL,1,HE,,,,,,,,,,,,,,,,,0.1875,5.33333,21.33333,1.4625,325.19,51.54,94900.51,319.91,49.95,92930.63,304.50,49.98,97858.40,328.67,49.72,92227.54,0.00,0.00,0.00,317.02,49.68,92955.53,317.85,49.49,92232.30
HWP,BHP,BHP,327.49,45.65,35.42857143,63932,4,BHP,,,,,12,AL,1,HE,1,STL,,,,,,,,,,,,,,,0.1875,5.33333,21.33333,1.4625,325.19,51.54,94900.51,319.91,49.95,92930.63,304.50,49.98,97858.40,328.67,49.72,92227.54,0.00,0.00,0.00,317.02,49.68,92955.53,317.85,49.49,92232.30
HWP,HHP,HHP,545.82,76.08,35.42857143,63932,4,HHP,,,,,12,AL,4,AST,1,HE,,,,,,,,,,,,,,,0.3125,3.2,12.8,2.4375,541.98,85.90,94900.51,533.18,83.25,92930.63,507.51,83.30,97858.40,547.78,82.86,92227.54,0.00,0.00,0.00,528.37,82.80,92955.53,529.75,82.49,92232.30
HWP,RHP,RHP,764.15,106.51,35.42857143,63932,4,RHP,,,,,12,AL,1,HE,4,TI,,,,,,,,,,,,,,,0.4375,2.28571,9.14286,3.4125,758.78,120.26,94900.51,746.45,116.55,92930.63,710.51,116.61,97858.40,766.90,116.01,92227.54,0.00,0.00,0.00,739.72,115.92,92955.53,741.65,115.49,92232.30
HWP,ATP,ATP,272.91,38.04,35.42857143,63932,2,ATP,,,,,2,BOS,2,CTF,1,HE,,,,,,,,,,,,,,,0.15625,6.4,12.8,2.4375,270.99,42.95,94900.51,266.59,41.62,92930.63,253.75,41.65,97858.40,273.89,41.43,92227.54,0.00,0.00,0.00,264.19,41.40,92955.53,264.87,41.25,92232.30
HWP,BWH,BWH,327.49,45.65,35.42857143,63932,10,BWH,,,,,4,CF,2,FAL,1,HE,1,KV,,,,,,,,,,,,,0.1875,5.33333,53.33333,0.585,325.19,51.54,94900.51,319.91,49.95,92930.63,304.50,49.98,97858.40,328.67,49.72,92227.54,0.00,0.00,0.00,317.02,49.68,92955.53,317.85,49.49,92232.30
HWP,AWH,AWH,545.82,76.08,35.42857143,63932,10,AWH,,,,,4,CTF,1,HE,2,TI,2,TK,,,,,,,,,,,,,0.3125,3.2,32,0.975,541.98,85.90,94900.51,533.18,83.25,92930.63,507.51,83.30,97858.40,547.78,82.86,92227.54,0.00,0.00,0.00,528.37,82.80,92955.53,529.75,82.49,92232.30
HWP,AHP,AHP,982.47,136.94,35.42857143,63932,4,AHP,,,,,8,AL,10,FET,1,HE,,,,,,,,,,,,,,,0.5625,1.77778,7.11111,4.3875,975.57,154.62,94900.51,959.72,149.84,92930.63,913.51,149.93,97858.40,986.01,149.16,92227.54,0.00,0.00,0.00,951.07,149.04,92955.53,953.55,148.48,92232.30
HYF,RCO,RCO_3,179.48,89.47,23.66666667,128508,2,RCO,,,,,10,H2O,4,NS,,,,,,,,,,,,,,,,,0.1375,7.27273,14.54545,1.47125,178.32,88.28,139118.59,173.21,84.55,134096.74,166.21,99.37,154472.82,179.13,80.31,128520.44,0.00,0.00,0.00,172.38,84.16,133546.16,173.31,81.84,130383.67
HYF,HCP,HCP_2,326.34,162.67,23.66666667,128508,8,HCP,,,,,14,H2O,1,NS,,,,,,,,,,,,,,,,,0.25,4,32,0.66875,324.22,160.51,139118.59,314.93,153.73,134096.74,302.20,180.67,154472.82,325.70,146.02,128520.44,0.00,0.00,0.00,313.42,153.02,133546.16,315.10,148.80,130383.67
HYF,VEG,VEG_2,163.17,81.33,23.66666667,128508,6,VEG,,,,,16,H2O,1,NS,,,,,,,,,,,,,,,,,0.125,8,48,0.44583,162.11,80.26,139118.59,157.46,76.86,134096.74,151.10,90.33,154472.82,162.85,73.01,128520.44,0.00,0.00,0.00,156.71,76.51,133546.16,157.55,74.40,130383.67
HYF,ALG,ALG,367.13,183,23.66666667,128508,12,ALG,,,,,16,H2O,2,NS,,,,,,,,,,,,,,,,,0.28125,3.55556,42.66667,0.50156,364.75,180.57,139118.59,354.29,172.94,134096.74,339.97,203.25,154472.82,366.41,164.27,128520.44,0.00,0.00,0.00,352.60,172.15,133546.16,354.49,167.40,130383.67
HYF,MUS,MUS_1,244.75,122,23.66666667,128508,4,MUS,,,,,1,NS,,,,,,,,,,,,,,,,,,,0.1875,5.33333,21.33333,1.00313,243.17,120.38,139118.59,236.19,115.29,134096.74,226.65,135.50,154472.82,244.28,109.51,128520.44,0.00,0.00,0.00,235.06,114.76,133546.16,236.33,111.60,130383.67
HYF,MAI,MAI_2,652.67,325.33,23.66666667,128508,12,MAI,,,,,20,H2O,2,NS,,,,,,,,,,,,,,,,,0.5,2,24,0.89167,648.45,321.02,139118.59,629.85,307.45,134096.74,604.39,361.34,154472.82,651.40,292.04,128520.44,0.00,0.00,0.00,626.84,306.04,133546.16,630.21,297.60,130383.67
HYF,CAF,CAF,203.96,101.67,23.66666667,128508,2,CAF,,,,,22,H2O,3,NS,,,,,,,,,,,,,,,,,0.15625,6.4,12.8,1.67188,202.64,100.32,139118.59,196.83,96.08,134096.74,188.87,112.92,154472.82,203.56,91.26,128520.44,0.00,0.00,0.00,195.89,95.64,133546.16,196.94,93.00,130383.67
HYF,MUS,MUS_2,407.92,203.33,23.66666667,128508,12,MUS,,,,,4,NS,,,,,,,,,,,,,,,,,,,0.3125,3.2,38.4,0.55729,405.28,200.64,139118.59,393.66,192.16,134096.74,377.74,225.84,154472.82,407.13,182.52,128520.44,0.00,0.00,0.00,391.77,191.27,133546.16,393.88,186.00,130383.67
INC,C,C_1,438.8,71.18,15.3125,28408,4,C,,,,,4,GRN,,,,,,,,,,,,,,,,,,,0.625,1.6,6.4,2.1875,432.55,76.19,36740.87,422.63,75.93,36597.25,404.30,75.78,37187.81,437.02,75.99,36624.81,0.00,0.00,0.00,418.88,75.50,36465.45,423.70,75.66,36436.73
INC,C,C_2,144.8,23.49,15.3125,28408,4,C,,,,,2,GRN,4,HCP,2,MAI,,,,,,,,,,,,,,,0.20625,4.84848,19.39394,0.72188,142.74,25.14,36740.87,139.47,25.06,36597.25,133.42,25.01,37187.81,144.22,25.08,36624.81,0.00,0.00,0.00,138.23,24.91,36465.45,139.82,24.97,36436.73
INC,C,C_3,289.61,46.98,15.3125,28408,4,C,,,,,2,GRN,4,HCP,,,,,,,,,,,,,,,,,0.4125,2.42424,9.69697,1.44375,285.48,50.28,36740.87,278.93,50.11,36597.25,266.84,50.02,37187.81,288.44,50.16,36624.81,0.00,0.00,0.00,276.46,49.83,36465.45,279.64,49.94,36436.73
INC,C,C_4,289.61,46.98,15.3125,28408,4,C,,,,,4,HCP,2,MAI,,,,,,,,,,,,,,,,,0.4125,2.42424,9.69697,1.44375,285.48,50.28,36740.87,278.93,50.11,36597.25,266.84,50.02,37187.81,288.44,50.16,36624.81,0.00,0.00,0.00,276.46,49.83,36465.45,279.64,49.94,36436.73
INC,C,C_5,438.8,71.18,15.3125,28408,4,C,,,,,4,HCP,,,,,,,,,,,,,,,,,,,0.625,1.6,6.4,2.1875,432.55,76.19,36740.87,422.63,75.93,36597.25,404.30,75.78,37187.81,437.02,75.99,36624.81,0.00,0.00,0.00,418.88,75.50,36465.45,423.70,75.66,36436.73
INC,C,C_6,438.8,71.18,15.3125,28408,4,C,,,,,4,MAI,,,,,,,,,,,,,,,,,,,0.625,1.6,6.4,2.1875,432.55,76.19,36740.87,422.63,75.93,36597.25,404.30,75.78,37187.81,437.02,75.99,36624.81,0.00,0.00,0.00,418.88,75.50,36465.45,423.70,75.66,36436.73
IVP,RSI,RSI,2362.94,1307.71,45.8,468684,8,RSI,,,,,16,H2O,1,HCP,1,NS,,,,,,,,,,,,,,,0.625,1.6,12.8,3.26563,2295.56,1444.31,535368.56,2358.87,1388.09,517712.24,2188.48,1382.56,524280.48,2387.83,1327.41,497734.88,0.00,0.00,0.00,2291.83,1351.20,508864.38,2319.61,1327.54,500041.21
IVP,MTP,MTP,1772.2,980.78,45.8,468684,4,MTP,,,,,1,HCP,1,NS,1,PPA,,,,,,,,,,,,,,,0.46875,2.13333,8.53333,4.89844,1721.67,1083.24,535368.56,1769.15,1041.07,517712.24,1641.37,1036.92,524280.48,1790.88,995.56,497734.88,0.00,0.00,0.00,1718.88,1013.40,508864.38,1739.71,995.66,500041.21
IVP,VG,VG,2362.94,1307.71,45.8,468684,20,VG,,,,,2,BAC,2,BL,4,REA,2,VIT,,,,,,,,,,,,,0.625,1.6,32,1.30625,2295.56,1444.31,535368.56,2358.87,1388.09,517712.24,2188.48,1382.56,524280.48,2387.83,1327.41,497734.88,0.00,0.00,0.00,2291.83,1351.20,508864.38,2319.61,1327.54,500041.21
LAB,JUI,JUI,1095.99,254.58,41.08333333,278844,30,JUI,,,,,5,BL,5,CST,10,HEX,1,PK,,,,,,,,,,,,,0.25,4,120,0.31,1069.43,276.61,327496.47,1089.42,289.88,335373.37,1015.87,324.79,371285.40,1106.02,270.82,319096.23,0.00,0.00,0.00,1062.60,298.29,343243.39,1073.47,287.57,333444.25
LAB,BLE,BLE_1,2191.98,509.17,41.08333333,278844,4,BLE,,,,,10,NAB,2,O,3,S,,,,,,,,,,,,,,,0.5,2,8,4.65,2138.86,553.22,327496.47,2178.85,579.75,335373.37,2031.74,649.57,371285.40,2212.05,541.64,319096.23,0.00,0.00,0.00,2125.20,596.57,343243.39,2146.94,575.13,333444.25
LAB,DDT,DDT,2054.98,477.34,41.08333333,278844,3,DDT,,,,,1,C,1,CL,1,H,,,,,,,,,,,,,,,0.46875,2.13333,6.4,5.8125,2005.18,518.65,327496.47,2042.67,543.52,335373.37,1904.76,608.97,371285.40,2073.80,507.79,319096.23,0.00,0.00,0.00,1992.38,559.29,343243.39,2012.76,539.19,333444.25
LAB,TCL,TCL,1643.99,381.88,41.08333333,278844,3,TCL,,,,,1,CL,1,H,1,O,,,,,,,,,,,,,,,0.375,2.66667,8,4.65,1604.14,414.92,327496.47,1634.13,434.81,335373.37,1523.80,487.18,371285.40,1659.03,406.23,319096.23,0.00,0.00,0.00,1593.90,447.43,343243.39,1610.20,431.35,333444.25
LAB,NST,NST,1369.99,318.23,41.08333333,278844,4,NST,,,,,1,ALG,1,ES,1,THF,,,,,,,,,,,,,,,0.3125,3.2,12.8,2.90625,1336.79,345.76,327496.47,1361.78,362.34,335373.37,1269.84,405.98,371285.40,1382.53,338.52,319096.23,0.00,0.00,0.00,1328.25,372.86,343243.39,1341.84,359.46,333444.25
LAB,BL,BL,2739.98,636.46,41.08333333,278844,2,BL,,,,,1,F,1,O,,,,,,,,,,,,,,,,,0.625,1.6,3.2,11.625,2673.57,691.53,327496.47,2723.56,724.69,335373.37,2539.67,811.97,371285.40,2765.06,677.05,319096.23,0.00,0.00,0.00,2656.50,745.71,343243.39,2683.67,718.92,333444.25
LAB,BAC,BAC,6027.95,1400.21,41.08333333,278844,10,BAC,,,,,1,HCP,1,O,1,S,,,,,,,,,,,,,,,1.375,0.72727,7.27273,5.115,5881.89,1521.37,327496.47,5991.85,1594.32,335373.37,5587.30,1786.33,371285.40,6083.15,1489.51,319096.23,0.00,0.00,0.00,5844.32,1640.58,343243.39,5904.11,1581.63,333444.25
LAB,BLE,BLE_2,1369.99,318.23,41.08333333,278844,3,BLE,,,,,1,CL,1,NA,1,O,,,,,,,,,,,,,,,0.3125,3.2,9.6,3.875,1336.79,345.76,327496.47,1361.78,362.34,335373.37,1269.84,405.98,371285.40,1382.53,338.52,319096.23,0.00,0.00,0.00,1328.25,372.86,343243.39,1341.84,359.46,333444.25
LAB,CST,CST,4109.96,954.69,41.08333333,278844,3,CST,,,,,1,DW,1,NS,,,,,,,,,,,,,,,,,0.9375,1.06667,3.2,11.625,4010.35,1037.29,327496.47,4085.32,1087.03,335373.37,3809.50,1217.94,371285.40,4147.57,1015.57,319096.23,0.00,0.00,0.00,3984.74,1118.57,343243.39,4025.50,1078.37,333444.25
LAB,THF,THF,2739.98,636.46,41.08333333,278844,20,THF,,,,,4,AMM,4,H2O,4,NA,,,,,,,,,,,,,,,0.625,1.6,32,1.1625,2673.57,691.53,327496.47,2723.56,724.69,335373.37,2539.67,811.97,371285.40,2765.06,677.05,319096.23,0.00,0.00,0.00,2656.50,745.71,343243.39,2683.67,718.92,333444.25
LAB,NR,NR,2191.98,509.17,41.08333333,278844,50,NR,,,,,50,EPO,75,NCS,,,,,,,,,,,,,,,,,0.5,2,100,0.372,2138.86,553.22,327496.47,2178.85,579.75,335373.37,2031.74,649.57,371285.40,2212.05,541.64,319096.23,0.00,0.00,0.00,2125.20,596.57,343243.39,2146.94,575.13,333444.25
MCA,FAN,FAN,210.43,268.07,45.09090909,415804,8,FAN,,,,,1,AL,8,DCS,2,SFK,,,,,,,,,,,,,,,0.125,8,64,0.62813,206.78,299.30,496291.56,207.73,287.78,478788.07,195.29,259.45,445037.42,211.89,267.87,449347.78,0.00,0.00,0.00,203.90,275.92,462425.70,205.36,270.48,453607.51
MCA,DIS,DIS,704.95,898.03,45.09090909,415804,1,DIS,,,,,3,GL,1,LCR,,,,,,,,,,,,,,,,,0.41875,2.38806,2.38806,16.83375,692.70,1002.65,496291.56,695.90,964.05,478788.07,654.23,869.16,445037.42,709.84,897.35,449347.78,0.00,0.00,0.00,683.05,924.33,462425.70,687.96,906.09,453607.51
MCA,HD,HD,704.95,898.03,45.09090909,415804,5,HD,,,,,5,DCS,5,LDI,1,RG,,,,,,,,,,,,,,,0.41875,2.38806,11.9403,3.36675,692.70,1002.65,496291.56,695.90,964.05,478788.07,654.23,869.16,445037.42,709.84,897.35,449347.78,0.00,0.00,0.00,683.05,924.33,462425.70,687.96,906.09,453607.51
MCA,MB,MB,315.65,402.1,45.09090909,415804,4,MB,,,,,4,MPC,4,PSM,4,RAM,4,SFK,,,,,,,,,,,,,0.1875,5.33333,21.33333,1.88438,310.17,448.95,496291.56,311.60,431.66,478788.07,292.94,389.18,445037.42,317.84,401.80,449347.78,0.00,0.00,0.00,305.84,413.88,462425.70,308.04,405.71,453607.51
ORC,PIB,PIB_1,1160.04,1114.99,150,484072,12,PIB,,,,,1,DDT,20,H2O,2,SOI,,,,,,,,,,,,,,,0.4375,2.28571,27.42857,4.73229,1155.69,1105.04,587093.33,1129.37,1101.37,584753.33,1079.26,1182.29,627926.67,1162.99,1101.85,583373.33,0.00,0.00,0.00,1122.62,1067.23,571527.12,1123.91,1063.71,568339.98
ORC,GRA,GRA_1,1325.76,1274.28,150,484072,6,GRA,,,,,1,DDT,30,H2O,3,SOI,,,,,,,,,,,,,,,0.5,2,12,10.81667,1320.78,1262.90,587093.33,1290.71,1258.71,584753.33,1233.44,1351.18,627926.67,1329.13,1259.26,583373.33,0.00,0.00,0.00,1283.00,1219.69,571527.12,1284.47,1215.67,568339.98
ORC,PIB,PIB_2,1325.76,1274.28,150,484072,10,PIB,,,,,1,DDT,30,H2O,,,,,,,,,,,,,,,,,0.5,2,20,6.49,1320.78,1262.90,587093.33,1290.71,1258.71,584753.33,1233.44,1351.18,627926.67,1329.13,1259.26,583373.33,0.00,0.00,0.00,1283.00,1219.69,571527.12,1284.47,1215.67,568339.98
ORC,GRA,GRA_2,1657.19,1592.85,150,484072,5,GRA,,,,,1,DDT,40,H2O,,,,,,,,,,,,,,,,,0.625,1.6,8,16.225,1650.98,1578.62,587093.33,1613.39,1573.39,584753.33,1541.80,1688.98,627926.67,1661.41,1574.07,583373.33,0.00,0.00,0.00,1603.74,1524.62,571527.12,1605.59,1519.59,568339.98
ORC,HOP,HOP_1,2900.09,2787.48,150,484072,18,HOP,,,,,2,DDT,40,H2O,4,SOI,,,,,,,,,,,,,,,1.09375,0.91429,16.45714,7.88715,2889.20,2762.58,587093.33,2823.41,2753.42,584753.33,2698.13,2955.70,627926.67,2907.45,2754.61,583373.33,0.00,0.00,0.00,2806.54,2668.07,571527.12,2809.77,2659.26,568339.98
ORC,HOP,HOP_2,3314.39,3185.69,150,484072,15,HOP,,,,,2,DDT,60,H2O,,,,,,,,,,,,,,,,,1.25,0.8,12,10.81667,3301.96,3157.25,587093.33,3226.78,3146.78,584753.33,3083.59,3377.96,627926.67,3322.81,3148.14,583373.33,0.00,0.00,0.00,3207.49,3049.24,571527.12,3211.18,3039.17,568339.98
PAC,EBU,EBU,272.57,132.04,46.5,146724,1,EBU,,,,,100,DW,70,FIM,10,GIN,2,HSS,5,MED,1,PDA,160,PE,4,PSS,2,VG,,,0.175,5.71429,5.71429,7.315,272.24,125.45,147839.36,263.39,133.58,156193.44,253.27,145.56,168468.88,272.43,124.28,146511.28,0.00,0.00,0.00,262.86,135.04,157522.32,263.19,134.53,157048.40
PAC,CBU,CBU,292.04,141.47,46.5,146724,1,CBU,,,,,100,DW,2,LC,70,MEA,5,MED,1,NST,280,PE,8,PSS,10,WIN,1,WS,,,0.1875,5.33333,5.33333,7.8375,291.69,134.41,147839.36,282.21,143.12,156193.44,271.36,155.95,168468.88,291.89,133.15,146511.28,0.00,0.00,0.00,281.63,144.69,157522.32,281.99,144.14,157048.40
PAC,PBU,PBU,194.7,94.31,46.5,146724,1,PBU,,,,,5,COF,40,DW,5,OVE,50,PE,2,PWO,40,RAT,,,,,,,,,0.125,8,8,5.225,194.46,89.61,147839.36,188.14,95.42,156193.44,180.91,103.97,168468.88,194.59,88.77,146511.28,0.00,0.00,0.00,187.76,96.46,157522.32,187.99,96.09,157048.40
PAC,SBU,SBU,214.16,103.74,46.5,146724,1,SBU,,,,,50,DW,5,EXO,10,KOM,100,PE,5,PT,60,RAT,2,REP,,,,,,,0.1375,7.27273,7.27273,5.7475,213.91,98.57,147839.36,206.95,104.96,156193.44,199.00,114.36,168468.88,214.05,97.64,146511.28,0.00,0.00,0.00,206.53,106.10,157522.32,206.79,105.70,157048.40
PAC,TBU,TBU,243.37,117.89,46.5,146724,1,TBU,,,,,10,ALE,75,DW,5,HMS,5,MED,40,PE,1,PSS,70,RAT,1,SC,1,SCN,,,0.15625,6.4,6.4,6.53125,243.07,112.01,147839.36,235.17,119.27,156193.44,226.13,129.96,168468.88,243.24,110.96,146511.28,0.00,0.00,0.00,234.69,120.57,157522.32,234.99,120.11,157048.40
PHF,ADR,ADR,1183.68,533.44,44.90909091,207930,1,ADR,,,,,1,BSC,2,DCM,4,MFK,20,REA,,,,,,,,,,,,,0.5625,1.77778,1.77778,23.34375,1163.12,566.54,243685.53,1168.48,583.06,248218.47,1098.53,622.15,267765.31,1191.89,560.52,240152.58,0.00,0.00,0.00,1146.91,590.80,251370.78,1155.16,581.01,247296.51
PHF,BSC,BSC,1183.68,533.44,44.90909091,207930,1,BSC,,,,,1,DCM,1,MFK,1,SAR,,,,,,,,,,,,,,,0.5625,1.77778,1.77778,23.34375,1163.12,566.54,243685.53,1168.48,583.06,248218.47,1098.53,622.15,267765.31,1191.89,560.52,240152.58,0.00,0.00,0.00,1146.91,590.80,251370.78,1155.16,581.01,247296.51
PHF,BND,BND,263.04,118.54,44.90909091,207930,20,BND,,,,,1,NL,1,SIL,,,,,,,,,,,,,,,,,0.125,8,160,0.25938,258.47,125.90,243685.53,259.66,129.57,248218.47,244.12,138.26,267765.31,264.87,124.56,240152.58,0.00,0.00,0.00,254.87,131.29,251370.78,256.70,129.11,247296.51
PHF,PK,PK,434.02,195.59,44.90909091,207930,10,PK,,,,,2,CA,4,LI,10,REA,,,,,,,,,,,,,,,0.20625,4.84848,48.48485,0.85594,426.48,207.73,243685.53,428.44,213.79,248218.47,402.79,228.12,267765.31,437.03,205.52,240152.58,0.00,0.00,0.00,420.54,216.63,251370.78,423.56,213.04,247296.51
POL,DEC,DEC,290.5,111.49,20.75,70547,1,DEC,,,,,70,EPO,150,PG,,,,,,,,,,,,,,,,,0.3125,3.2,3.2,5.9375,290.33,97.24,73348.90,280.76,102.89,76452.27,270.03,102.48,77090.20,290.39,98.98,74180.12,0.00,0.00,0.00,280.28,100.33,74960.71,280.50,104.78,77390.33
POL,EPO,EPO,581,222.99,20.75,70547,50,EPO,,,,,1,C,1,CL,1,H,1,O,,,,,,,,,,,,,0.625,1.6,80,0.2375,580.65,194.47,73348.90,561.52,205.77,76452.27,540.06,204.96,77090.20,580.79,197.97,74180.12,0.00,0.00,0.00,560.55,200.65,74960.71,561.00,209.56,77390.33
POL,PG,PG,203.35,78.05,20.75,70547,50,PG,,,,,1,C,1,H,1,MG,,,,,,,,,,,,,,,0.21875,4.57143,228.57143,0.08313,203.23,68.07,73348.90,196.53,72.02,76452.27,189.02,71.74,77090.20,203.28,69.29,74180.12,0.00,0.00,0.00,196.19,70.23,74960.71,196.35,73.35,77390.33
PP1,BDE,BDE_1,263.28,22.15,29.625,37076,1,BDE,,,,,150,PE,,,,,,,,,,,,,,,,,,,0.1875,5.33333,5.33333,5.0625,259.53,25.02,53618.55,253.58,24.92,53381.70,242.58,24.87,54602.03,262.22,24.97,53446.03,0.00,0.00,0.00,251.33,24.81,53263.22,254.22,24.84,53137.60
PP1,BSE,BSE_1,219.4,18.45,29.625,37076,1,BSE,,,,,1,FE,2,LST,,,,,,,,,,,,,,,,,0.15625,6.4,6.4,4.21875,216.27,20.85,53618.55,211.31,20.77,53381.70,202.15,20.73,54602.03,218.51,20.81,53446.03,0.00,0.00,0.00,209.44,20.68,53263.22,211.85,20.70,53137.60
PP1,BTA,BTA_1,131.64,11.07,29.625,37076,1,BTA,,,,,1,FE,50,PE,,,,,,,,,,,,,,,,,0.09375,10.66667,10.66667,2.53125,129.76,12.51,53618.55,126.79,12.46,53381.70,121.29,12.44,54602.03,131.11,12.48,53446.03,0.00,0.00,0.00,125.66,12.41,53263.22,127.11,12.42,53137.60
PP1,BBH,BBH_1,289.61,24.36,29.625,37076,1,BBH,,,,,2,FE,1,LST,,,,,,,,,,,,,,,,,0.20625,4.84848,4.84848,5.56875,285.48,27.52,53618.55,278.93,27.41,53381.70,266.84,27.36,54602.03,288.44,27.46,53446.03,0.00,0.00,0.00,276.46,27.29,53263.22,279.64,27.32,53137.60
PP2,LSE,LSE,186.39,31.77,33,45893,1,LSE,,,,,3,AL,120,PG,,,,,,,,,,,,,,,,,0.15625,6.4,6.4,4.76563,185.71,34.77,64690.27,180.00,34.84,64617.07,172.92,34.75,65893.33,186.17,34.39,64066.80,0.00,0.00,0.00,179.41,34.49,64208.08,179.97,34.55,64077.03
PP2,BSE,BSE_2,164.02,27.96,33,45893,1,BSE,,,,,1,AL,2,LST,,,,,,,,,,,,,,,,,0.1375,7.27273,7.27273,4.19375,163.43,30.59,64690.27,158.40,30.66,64617.07,152.17,30.58,65893.33,163.83,30.27,64066.80,0.00,0.00,0.00,157.88,30.36,64208.08,158.38,30.41,64077.03
PP2,LTA,LTA,186.39,31.77,33,45893,1,LTA,,,,,1,AL,5,GL,,,,,,,,,,,,,,,,,0.15625,6.4,6.4,4.76563,185.71,34.77,64690.27,180.00,34.84,64617.07,172.92,34.75,65893.33,186.17,34.39,64066.80,0.00,0.00,0.00,179.41,34.49,64208.08,179.97,34.55,64077.03
PP2,BTA,BTA_2,111.83,19.06,33,45893,1,BTA,,,,,1,AL,1,GL,,,,,,,,,,,,,,,,,0.09375,10.66667,10.66667,2.85938,111.43,20.86,64690.27,108.00,20.91,64617.07,103.75,20.85,65893.33,111.70,20.64,64066.80,0.00,0.00,0.00,107.65,20.70,64208.08,107.98,20.73,64077.03
PP2,BBH,BBH_2,186.39,31.77,33,45893,1,BBH,,,,,2,AL,1,LST,,,,,,,,,,,,,,,,,0.15625,6.4,6.4,4.76563,185.71,34.77,64690.27,180.00,34.84,64617.07,172.92,34.75,65893.33,186.17,34.39,64066.80,0.00,0.00,0.00,179.41,34.49,64208.08,179.97,34.55,64077.03
PP2,LBH,LBH,186.39,31.77,33,45893,1,LBH,,,,,3,AL,35,PE,,,,,,,,,,,,,,,,,0.15625,6.4,6.4,4.76563,185.71,34.77,64690.27,180.00,34.84,64617.07,172.92,34.75,65893.33,186.17,34.39,64066.80,0.00,0.00,0.00,179.41,34.49,64208.08,179.97,34.55,64077.03
PP2,LDE,LDE,186.39,31.77,33,45893,1,LDE,,,,,3,AL,1,NL,,,,,,,,,,,,,,,,,0.15625,6.4,6.4,4.76563,185.71,34.77,64690.27,180.00,34.84,64617.07,172.92,34.75,65893.33,186.17,34.39,64066.80,0.00,0.00,0.00,179.41,34.49,64208.08,179.97,34.55,64077.03
PP2,BDE,BDE_2,186.39,31.77,33,45893,1,BDE,,,,,40,PG,,,,,,,,,,,,,,,,,,,0.15625,6.4,6.4,4.76563,185.71,34.77,64690.27,180.00,34.84,64617.07,172.92,34.75,65893.33,186.17,34.39,64066.80,0.00,0.00,0.00,179.41,34.49,64208.08,179.97,34.55,64077.03
PP2,AEF,AEF,372.77,63.54,33,45893,1,AEF,,,,,1,NE,50,PG,,,,,,,,,,,,,,,,,0.3125,3.2,3.2,9.53125,371.43,69.53,64690.27,360.00,69.69,64617.07,345.84,69.49,65893.33,372.34,68.78,64066.80,0.00,0.00,0.00,358.82,68.99,64208.08,359.94,69.11,64077.03
PP3,INS,INS,431.82,88.7,44.45454545,158268,24,INS,,,,,1,AR,100,PE,1,THF,,,,,,,,,,,,,,,0.15625,6.4,153.6,0.26042,422.44,98.37,201585.89,428.15,102.72,205482.65,400.44,113.63,226660.04,435.42,96.61,196949.13,0.00,0.00,0.00,418.57,105.22,209469.33,422.39,101.82,204177.14
PP3,RBH,RBH,690.92,141.92,44.45454545,158268,1,RBH,,,,,1,BBH,50,EPO,1,STL,,,,,,,,,,,,,,,0.25,4,4,10,675.90,157.39,201585.89,685.05,164.35,205482.65,640.70,181.80,226660.04,696.68,154.58,196949.13,0.00,0.00,0.00,669.71,168.34,209469.33,675.82,162.92,204177.14
PP3,RDE,RDE,1209.1,248.35,44.45454545,158268,2,RDE,,,,,100,EPO,1,KV,1,LDE,,,,,,,,,,,,,,,0.4375,2.28571,4.57143,8.75,1182.84,275.44,201585.89,1198.83,287.61,205482.65,1121.23,318.15,226660.04,1219.19,270.51,196949.13,0.00,0.00,0.00,1172.00,294.60,209469.33,1182.69,285.11,204177.14
PP3,RTA,RTA,690.92,141.92,44.45454545,158268,1,RTA,,,,,1,LTA,6,RG,,,,,,,,,,,,,,,,,0.25,4,4,10,675.90,157.39,201585.89,685.05,164.35,205482.65,640.70,181.80,226660.04,696.68,154.58,196949.13,0.00,0.00,0.00,669.71,168.34,209469.33,675.82,162.92,204177.14
PP3,MGC,MGC,1900.02,390.27,44.45454545,158268,1,MGC,,,,,1,LDE,1,MAG,,,,,,,,,,,,,,,,,0.6875,1.45455,1.45455,27.5,1858.73,432.83,201585.89,1883.87,451.95,205482.65,1761.92,499.95,226660.04,1915.86,425.08,196949.13,0.00,0.00,0.00,1841.71,462.95,209469.33,1858.50,448.02,204177.14
PP3,PSH,PSH,690.92,141.92,44.45454545,158268,1,PSH,,,,,250,NFI,1,TI,,,,,,,,,,,,,,,,,0.25,4,4,10,675.90,157.39,201585.89,685.05,164.35,205482.65,640.70,181.80,226660.04,696.68,154.58,196949.13,0.00,0.00,0.00,669.71,168.34,209469.33,675.82,162.92,204177.14
PP3,RSE,RSE,1209.1,248.35,44.45454545,158268,2,RSE,,,,,2,BSE,225,EPO,1,STL,,,,,,,,,,,,,,,0.4375,2.28571,4.57143,8.75,1182.84,275.44,201585.89,1198.83,287.61,205482.65,1121.23,318.15,226660.04,1219.19,270.51,196949.13,0.00,0.00,0.00,1172.00,294.60,209469.33,1182.69,285.11,204177.14
PP3,HSE,HSE,690.92,141.92,44.45454545,158268,2,HSE,,,,,2,LSE,1,TCS,,,,,,,,,,,,,,,,,0.25,4,8,5,675.90,157.39,201585.89,685.05,164.35,205482.65,640.70,181.80,226660.04,696.68,154.58,196949.13,0.00,0.00,0.00,669.71,168.34,209469.33,675.82,162.92,204177.14
PP4,TSH,TSH,2999.74,1063.5,54.88888889,707628,1,TSH,,,,,2,LBH,150,PE,2,THP,,,,,,,,,,,,,,,0.375,2.66667,2.66667,18.9,3235.72,1203.02,854044.53,2890.90,1153.15,822620.36,2782.08,1064.86,784711.82,2916.47,1093.63,783608.71,0.00,0.00,0.00,2908.03,1115.65,798816.07,2841.46,1090.53,783158.62
PP4,ASE,ASE,2749.76,974.88,54.88888889,707628,1,ASE,,,,,1,RSE,2,TI,,,,,,,,,,,,,,,,,0.34375,2.90909,2.90909,17.325,2966.08,1102.77,854044.53,2650.00,1057.05,822620.36,2550.25,976.12,784711.82,2673.43,1002.50,783608.71,0.00,0.00,0.00,2665.69,1022.68,798816.07,2604.67,999.66,783158.62
PP4,ATA,ATA,2749.76,974.88,54.88888889,707628,1,ATA,,,,,1,NG,1,RTA,,,,,,,,,,,,,,,,,0.34375,2.90909,2.90909,17.325,2966.08,1102.77,854044.53,2650.00,1057.05,822620.36,2550.25,976.12,784711.82,2673.43,1002.50,783608.71,0.00,0.00,0.00,2665.69,1022.68,798816.07,2604.67,999.66,783158.62
PP4,RSH,RSH,4499.61,1595.25,54.88888889,707628,1,RSH,,,,,1,LST,1,STL,1,TA,,,,,,,,,,,,,,,0.5625,1.77778,1.77778,28.35,4853.58,1804.52,854044.53,4336.35,1729.72,822620.36,4173.13,1597.29,784711.82,4374.70,1640.45,783608.71,0.00,0.00,0.00,4362.04,1673.47,798816.07,4262.18,1635.80,783158.62
PP4,ADE,ADE,2999.74,1063.5,54.88888889,707628,2,ADE,,,,,2,KV,2,LDE,,,,,,,,,,,,,,,,,0.375,2.66667,5.33333,9.45,3235.72,1203.02,854044.53,2890.90,1153.15,822620.36,2782.08,1064.86,784711.82,2916.47,1093.63,783608.71,0.00,0.00,0.00,2908.03,1115.65,798816.07,2841.46,1090.53,783158.62
PP4,ABH,ABH,3499.69,1240.75,54.88888889,707628,2,ABH,,,,,125,NR,2,RBH,,,,,,,,,,,,,,,,,0.4375,2.28571,4.57143,11.025,3775.02,1403.52,854044.53,3372.73,1345.34,822620.36,3245.77,1242.34,784711.82,3402.56,1275.91,783608.71,0.00,0.00,0.00,3392.71,1301.60,798816.07,3315.04,1272.29,783158.62
PPF,PSS,PSS,188.52,33.6,24,57080,1,PSS,,,,,10,PG,,,,,,,,,,,,,,,,,,,0.125,8,8,2.75,189.01,32.67,66453.80,182.34,34.82,69561.20,175.59,37.66,74692.20,188.61,32.43,65939.40,0.00,0.00,0.00,182.33,35.07,69811.03,182.03,35.10,69739.68
PPF,LFP,LFP,471.3,83.99,24,57080,1,LFP,,,,,50,PG,1,SFK,10,THF,,,,,,,,,,,,,,,0.3125,3.2,3.2,6.875,472.52,81.69,66453.80,455.86,87.06,69561.20,438.98,94.15,74692.20,471.53,81.07,65939.40,0.00,0.00,0.00,455.84,87.68,69811.03,455.08,87.74,69739.68
PPF,PSM,PSM,377.04,67.19,24,57080,1,PSM,,,,,20,PG,,,,,,,,,,,,,,,,,,,0.25,4,4,5.5,378.01,65.35,66453.80,364.69,69.65,69561.20,351.19,75.32,74692.20,377.23,64.86,65939.40,0.00,0.00,0.00,364.67,70.14,69811.03,364.06,70.19,69739.68
PPF,DCL,DCL,659.82,117.59,24,57080,2,DCL,,,,,2,MFK,40,PG,2,PSL,,,,,,,,,,,,,,,0.4375,2.28571,4.57143,4.8125,661.52,114.36,66453.80,638.20,121.88,69561.20,614.58,131.81,74692.20,660.14,113.50,65939.40,0.00,0.00,0.00,638.17,122.75,69811.03,637.11,122.84,69739.68
PPF,DCM,DCM,471.3,83.99,24,57080,2,DCM,,,,,20,PG,2,PSM,8,SFK,,,,,,,,,,,,,,,0.3125,3.2,6.4,3.4375,472.52,81.69,66453.80,455.86,87.06,69561.20,438.98,94.15,74692.20,471.53,81.07,65939.40,0.00,0.00,0.00,455.84,87.68,69811.03,455.08,87.74,69739.68
PPF,PSL,PSL,565.56,100.79,24,57080,1,PSL,,,,,40,PG,,,,,,,,,,,,,,,,,,,0.375,2.66667,2.66667,8.25,567.02,98.02,66453.80,547.03,104.47,69561.20,526.78,112.98,74692.20,565.84,97.29,65939.40,0.00,0.00,0.00,547.00,105.21,69811.03,546.09,105.29,69739.68
PPF,DCS,DCS,282.78,50.4,24,57080,2,DCS,,,,,10,PG,1,PSS,4,SFK,,,,,,,,,,,,,,,0.1875,5.33333,10.66667,2.0625,283.51,49.01,66453.80,273.52,52.23,69561.20,263.39,56.49,74692.20,282.92,48.64,65939.40,0.00,0.00,0.00,273.50,52.61,69811.03,273.05,52.64,69739.68
REF,SF,SF_1,155.29,20.44,37,54582,100,SF,,,,,1,AMM,2,GAL,3,H,,,,,,,,,,,,,,,0.09375,10.66667,1066.66667,0.03131,154.03,22.33,75541.48,149.79,22.23,75246.68,143.65,22.18,76723.82,154.91,22.28,75259.35,0.00,0.00,0.00,148.95,22.14,75014.84,149.94,22.17,74880.72
REF,SF,SF_2,414.1,54.5,37,54582,150,SF,,,,,1,AMM,5,NAB,,,,,,,,,,,,,,,,,0.25,4,600,0.05567,410.73,59.56,75541.48,399.45,59.29,75246.68,383.06,59.15,76723.82,413.11,59.40,75259.35,0.00,0.00,0.00,397.19,59.04,75014.84,399.84,59.11,74880.72
REF,FF,FF,155.29,20.44,37,54582,100,FF,,,,,4,H,2,HE3,,,,,,,,,,,,,,,,,0.09375,10.66667,1066.66667,0.03131,154.03,22.33,75541.48,149.79,22.23,75246.68,143.65,22.18,76723.82,154.91,22.28,75259.35,0.00,0.00,0.00,148.95,22.14,75014.84,149.94,22.17,74880.72
REF,HE3,HE3,258.81,34.06,37,54582,2,HE3,,,,,3,TS,,,,,,,,,,,,,,,,,,,0.15625,6.4,12.8,2.60938,256.71,37.22,75541.48,249.66,37.06,75246.68,239.41,36.97,76723.82,258.19,37.13,75259.35,0.00,0.00,0.00,248.25,36.90,75014.84,249.90,36.95,74880.72
RIG,,,65.82,13.67,14.28571428,25611,,,,,,,,,,,,,,,,,,,,,,,,,,,0.125,8,0,#DIV/0!,64.88,14.74,33551.43,63.39,14.74,33489.71,60.65,14.75,34079.60,65.55,14.75,33504.29,0.00,0.00,0.00,62.83,14.66,33377.81,63.55,14.67,33312.52
SCA,ROM,ROM,303.81,335.5,43.72727272,361536,10,ROM,,,,,10,BGC,10,PSS,10,SI,,,,,,,,,,,,,,,0.1875,5.33333,53.33333,0.735,295.14,371.39,426278.11,303.28,357.71,412349.71,281.38,316.06,377425.05,307.01,328.26,382770.15,0.00,0.00,0.00,294.66,340.59,396883.80,298.24,334.61,389978.62
SCA,MPC,MPC,425.33,469.7,43.72727272,361536,10,MPC,,,,,10,BCO,10,SWF,10,TRN,,,,,,,,,,,,,,,0.2625,3.80952,38.09524,1.029,413.20,519.94,426278.11,424.60,500.79,412349.71,393.93,442.48,377425.05,429.81,459.56,382770.15,0.00,0.00,0.00,412.53,476.83,396883.80,417.53,468.46,389978.62
SCA,PCB,PCB,283.55,313.13,43.72727272,361536,5,PCB,,,,,5,BCO,1,BGO,60,PE,10,SWF,,,,,,,,,,,,,0.175,5.71429,28.57143,1.372,275.47,346.63,426278.11,283.06,333.86,412349.71,262.62,294.99,377425.05,286.54,306.37,382770.15,0.00,0.00,0.00,275.02,317.89,396883.80,278.35,312.30,389978.62
SCA,SEN,SEN,293.68,324.32,43.72727272,361536,20,SEN,,,,,10,H,10,N,20,TRN,,,,,,,,,,,,,,,0.18125,5.51724,110.34483,0.35525,285.31,359.01,426278.11,293.17,345.78,412349.71,272.00,305.52,377425.05,296.77,317.31,382770.15,0.00,0.00,0.00,284.84,329.24,396883.80,288.29,323.46,389978.62
SCA,TPU,TPU,658.25,726.92,43.72727272,361536,4,TPU,,,,,4,CAP,4,HCC,4,MWF,4,TRN,,,,,,,,,,,,,0.40625,2.46154,9.84615,3.98125,639.48,804.67,426278.11,657.11,775.03,412349.71,609.65,684.79,377425.05,665.18,711.22,382770.15,0.00,0.00,0.00,638.44,737.95,396883.80,646.18,724.99,389978.62
SCA,RAM,RAM,425.33,469.7,43.72727272,361536,6,RAM,,,,,6,BCO,6,CAP,6,PSS,,,,,,,,,,,,,,,0.2625,3.80952,22.85714,1.715,413.20,519.94,426278.11,424.60,500.79,412349.71,393.93,442.48,377425.05,429.81,459.56,382770.15,0.00,0.00,0.00,412.53,476.83,396883.80,417.53,468.46,389978.62
SD,BAI,BAI,3375.63,1456.94,28.88235295,275560,1,BAI,,,,,,,,,,,,,,,,,,,,,,,,,1.25,0.8,0.8,33.75,3279.38,1519.19,303692.42,3369.81,1552.06,307343.22,3126.41,1638.94,325679.74,3411.19,1500.36,298005.15,0.00,0.00,0.00,3274.05,1567.86,310954.73,3313.73,1547.99,306620.19
SD,LD,LD,2531.72,1092.71,28.88235295,275560,1,LD,,,,,,,,,,,,,,,,,,,,,,,,,0.9375,1.06667,1.06667,25.3125,2459.52,1139.39,303692.42,2527.35,1164.04,307343.22,2344.80,1229.20,325679.74,2558.38,1125.27,298005.15,0.00,0.00,0.00,2455.53,1175.89,310954.73,2485.29,1160.99,306620.19
SD,MLI,MLI,5063.44,2185.42,28.88235295,275560,1,MLI,,,,,,,,,,,,,,,,,,,,,,,,,1.875,0.53333,0.53333,50.625,4919.09,2278.81,303692.42,5054.75,2328.10,307343.22,4689.64,2458.43,325679.74,5116.81,2250.56,298005.15,0.00,0.00,0.00,4911.10,2351.81,310954.73,4970.63,2321.99,306620.19
SD,NF,NF,2531.72,1092.71,28.88235295,275560,1,NF,,,,,,,,,,,,,,,,,,,,,,,,,0.9375,1.06667,1.06667,25.3125,2459.52,1139.39,303692.42,2527.35,1164.04,307343.22,2344.80,1229.20,325679.74,2558.38,1125.27,298005.15,0.00,0.00,0.00,2455.53,1175.89,310954.73,2485.29,1160.99,306620.19
SD,SA,SA,1687.81,728.47,28.88235295,275560,1,SA,,,,,,,,,,,,,,,,,,,,,,,,,0.625,1.6,1.6,16.875,1639.69,759.60,303692.42,1684.91,776.03,307343.22,1563.20,819.47,325679.74,1705.59,750.18,298005.15,0.00,0.00,0.00,1637.02,783.93,310954.73,1656.87,773.99,306620.19
SD,SAL,SAL,1687.81,728.47,28.88235295,275560,1,SAL,,,,,,,,,,,,,,,,,,,,,,,,,0.625,1.6,1.6,16.875,1639.69,759.60,303692.42,1684.91,776.03,307343.22,1563.20,819.47,325679.74,1705.59,750.18,298005.15,0.00,0.00,0.00,1637.02,783.93,310954.73,1656.87,773.99,306620.19
SD,WM,WM,3375.63,1456.94,28.88235295,275560,1,WM,,,,,,,,,,,,,,,,,,,,,,,,,1.25,0.8,0.8,33.75,3279.38,1519.19,303692.42,3369.81,1552.06,307343.22,3126.41,1638.94,325679.74,3411.19,1500.36,298005.15,0.00,0.00,0.00,3274.05,1567.86,310954.73,3313.73,1547.99,306620.19
SE,NN,NN,5473.97,2423.33,26.72222222,609820,1,NN,,,,,1,BAI,1,MLI,,,,,,,,,,,,,,,,,0.9375,1.06667,1.06667,23.25,6121.67,2692.62,700682.18,5205.36,2579.45,671780.38,5079.36,2449.26,648897.31,5244.45,2435.78,635919.53,0.00,0.00,0.00,5305.63,2494.71,650821.71,5115.39,2441.37,637630.75
SE,OS,OS,7298.63,3231.11,26.72222222,609820,1,OS,,,,,1,LD,1,ROM,1,WM,,,,,,,,,,,,,,,1.25,0.8,0.8,31,8162.25,3590.17,700682.18,6940.50,3439.28,671780.38,6772.50,3265.69,648897.31,6992.63,3247.72,635919.53,0.00,0.00,0.00,7074.19,3326.28,650821.71,6820.55,3255.17,637630.75
SE,DD,DD,7298.63,3231.11,26.72222222,609820,1,DD,,,,,1,LD,1,NF,,,,,,,,,,,,,,,,,1.25,0.8,0.8,31,8162.25,3590.17,700682.18,6940.50,3439.28,671780.38,6772.50,3265.69,648897.31,6992.63,3247.72,635919.53,0.00,0.00,0.00,7074.19,3326.28,650821.71,6820.55,3255.17,637630.75
SE,DA,DA,5473.97,2423.33,26.72222222,609820,1,DA,,,,,1,LD,1,ROM,1,SA,1,SAL,,,,,,,,,,,,,0.9375,1.06667,1.06667,23.25,6121.67,2692.62,700682.18,5205.36,2579.45,671780.38,5079.36,2449.26,648897.31,5244.45,2435.78,635919.53,0.00,0.00,0.00,5305.63,2494.71,650821.71,5115.39,2441.37,637630.75
SE,DV,DV,5473.97,2423.33,26.72222222,609820,1,DV,,,,,,,,,,,,,,,,,,,,,,,,,0.9375,1.06667,1.06667,23.25,6121.67,2692.62,700682.18,5205.36,2579.45,671780.38,5079.36,2449.26,648897.31,5244.45,2435.78,635919.53,0.00,0.00,0.00,5305.63,2494.71,650821.71,5115.39,2441.37,637630.75
SE,EDC,EDC,3649.31,1615.56,26.72222222,609820,1,EDC,,,,,,,,,,,,,,,,,,,,,,,,,0.625,1.6,1.6,15.5,4081.13,1795.08,700682.18,3470.25,1719.64,671780.38,3386.25,1632.85,648897.31,3496.31,1623.86,635919.53,0.00,0.00,0.00,3537.10,1663.14,650821.71,3410.27,1627.59,637630.75
SKF,WCB,WCB,873.31,115.78,54.66666667,61792,1,WCB,,,,,100,AST,100,FET,20,MFK,,,,,,,,,,,,,,,0.5,2,2,23.1,867.17,137.19,103392.71,853.09,133.31,101690.84,812.01,133.41,104993.47,876.46,131.90,100636.80,0.00,0.00,0.00,845.39,132.25,101519.14,847.60,131.78,100789.30
SKF,MCB,MCB,709.56,94.07,54.66666667,61792,1,MCB,,,,,100,AST,16,MFK,,,,,,,,,,,,,,,,,0.40625,2.46154,2.46154,18.76875,704.58,111.47,103392.71,693.13,108.32,101690.84,659.76,108.39,104993.47,712.12,107.17,100636.80,0.00,0.00,0.00,686.88,107.46,101519.14,688.67,107.07,100789.30
SKF,MFL,MFL,545.82,72.36,54.66666667,61792,1,MFL,,,,,4,MFK,10,ZR,,,,,,,,,,,,,,,,,0.3125,3.2,3.2,14.4375,541.98,85.74,103392.71,533.18,83.32,101690.84,507.51,83.38,104993.47,547.78,82.44,100636.80,0.00,0.00,0.00,528.37,82.66,101519.14,529.75,82.36,100789.30
SKF,LSL,LSL,982.47,130.25,54.66666667,61792,1,LSL,,,,,125,FET,8,MFK,,,,,,,,,,,,,,,,,0.5625,1.77778,1.77778,25.9875,975.57,154.34,103392.71,959.72,149.97,101690.84,913.51,150.08,104993.47,986.01,148.39,100636.80,0.00,0.00,0.00,951.07,148.79,101519.14,953.55,148.25,100789.30
SKF,LCB,LCB,818.73,108.54,54.66666667,61792,1,LCB,,,,,200,AST,20,MFK,,,,,,,,,,,,,,,,,0.46875,2.13333,2.13333,21.65625,812.97,128.61,103392.71,799.77,124.98,101690.84,761.26,125.07,104993.47,821.68,123.66,100636.80,0.00,0.00,0.00,792.56,123.99,101519.14,794.62,123.54,100789.30
SKF,VCB,VCB,873.31,115.78,54.66666667,61792,1,VCB,,,,,200,FET,20,MFK,,,,,,,,,,,,,,,,,0.5,2,2,23.1,867.17,137.19,103392.71,853.09,133.31,101690.84,812.01,133.41,104993.47,876.46,131.90,100636.80,0.00,0.00,0.00,845.39,132.25,101519.14,847.60,131.78,100789.30
SKF,TCB,TCB,436.66,57.89,54.66666667,61792,1,TCB,,,,,20,FE,4,MFK,,,,,,,,,,,,,,,,,0.25,4,4,11.55,433.58,68.59,103392.71,426.54,66.66,101690.84,406.01,66.70,104993.47,438.23,65.95,100636.80,0.00,0.00,0.00,422.70,66.13,101519.14,423.80,65.89,100789.30
SKF,SSL,SSL,545.82,72.36,54.66666667,61792,1,SSL,,,,,2,MFK,20,TI,,,,,,,,,,,,,,,,,0.3125,3.2,3.2,14.4375,541.98,85.74,103392.71,533.18,83.32,101690.84,507.51,83.38,104993.47,547.78,82.44,100636.80,0.00,0.00,0.00,528.37,82.66,101519.14,529.75,82.36,100789.30
SKF,LFL,LFL,764.15,101.31,54.66666667,61792,1,LFL,,,,,8,MFK,20,ZR,,,,,,,,,,,,,,,,,0.4375,2.28571,2.28571,20.2125,758.78,120.04,103392.71,746.45,116.65,101690.84,710.51,116.73,104993.47,766.90,115.41,100636.80,0.00,0.00,0.00,739.72,115.72,101519.14,741.65,115.31,100789.30
SKF,VSC,VSC,545.82,72.36,54.66666667,61792,1,VSC,,,,,35,FE,8,MFK,,,,,,,,,,,,,,,,,0.3125,3.2,3.2,14.4375,541.98,85.74,103392.71,533.18,83.32,101690.84,507.51,83.38,104993.47,547.78,82.44,100636.80,0.00,0.00,0.00,528.37,82.66,101519.14,529.75,82.36,100789.30
SKF,SCB,SCB,654.98,86.83,54.66666667,61792,1,SCB,,,,,50,FAL,12,MFK,,,,,,,,,,,,,,,,,0.375,2.66667,2.66667,17.325,650.38,102.89,103392.71,639.81,99.98,101690.84,609.01,100.05,104993.47,657.34,98.92,100636.80,0.00,0.00,0.00,634.04,99.19,101519.14,635.70,98.84,100789.30
SKF,MSL,MSL,764.15,101.31,54.66666667,61792,1,MSL,,,,,50,FET,4,MFK,,,,,,,,,,,,,,,,,0.4375,2.28571,2.28571,20.2125,758.78,120.04,103392.71,746.45,116.65,101690.84,710.51,116.73,104993.47,766.90,115.41,100636.80,0.00,0.00,0.00,739.72,115.72,101519.14,741.65,115.31,100789.30
SKF,SFL,SFL,327.49,43.42,54.66666667,61792,1,SFL,,,,,1,MFK,5,ZR,,,,,,,,,,,,,,,,,0.1875,5.33333,5.33333,8.6625,325.19,51.45,103392.71,319.91,49.99,101690.84,304.50,50.03,104993.47,328.67,49.46,100636.80,0.00,0.00,0.00,317.02,49.60,101519.14,317.85,49.42,100789.30
SKF,HCB,HCB,2183.28,289.44,54.66666667,61792,1,HCB,,,,,100,MFK,600,WAL,,,,,,,,,,,,,,,,,1.25,0.8,0.8,57.75,2167.92,342.97,103392.71,2132.71,333.28,101690.84,2030.03,333.51,104993.47,2191.14,329.75,100636.80,0.00,0.00,0.00,2113.48,330.64,101519.14,2118.99,329.45,100789.30
SL,IMM,IMM,6626.06,3026.88,24.85,763120,1,IMM,,,,,1,DA,1,DD,,,,,,,,,,,,,,,,,0.9375,1.06667,1.06667,22.125,7106.98,3463.76,848320.52,6145.29,3344.55,820716.58,6064.48,3489.82,850069.26,6354.17,3304.11,810862.46,0.00,0.00,0.00,6204.33,3352.10,818012.93,6302.88,3257.73,801868.21
SL,WAI,WAI,8834.75,4035.83,24.85,763120,1,WAI,,,,,1,NN,1,ROM,,,,,,,,,,,,,,,,,1.25,0.8,0.8,29.5,9476.00,4618.36,848320.52,8193.75,4459.42,820716.58,8086.00,4653.11,850069.26,8472.25,4405.50,810862.46,0.00,0.00,0.00,8272.47,4469.47,818012.93,8403.87,4343.66,801868.21
SL,SNM,SNM,8834.75,4035.83,24.85,763120,2,SNM,,,,,1,DV,1,IMM,1,WAI,,,,,,,,,,,,,,,1.25,0.8,1.6,14.75,9476.00,4618.36,848320.52,8193.75,4459.42,820716.58,8086.00,4653.11,850069.26,8472.25,4405.50,810862.46,0.00,0.00,0.00,8272.47,4469.47,818012.93,8403.87,4343.66,801868.21
SL,IDC,IDC,4417.38,2017.92,24.85,763120,1,IDC,,,,,,,,,,,,,,,,,,,,,,,,,0.625,1.6,1.6,14.75,4738.00,2309.18,848320.52,4096.88,2229.71,820716.58,4043.00,2326.56,850069.26,4236.13,2202.75,810862.46,0.00,0.00,0.00,4136.23,2234.74,818012.93,4201.94,2171.83,801868.21
SME,LI,LI,362.01,67.47,24.75,39325,4,LI,,,,,4,HAL,10,LIO,,,,,,,,,,,,,,,,,0.4125,2.42424,9.69697,2.26875,356.85,73.18,54176.20,348.67,72.89,53944.30,333.55,72.74,54893.90,360.55,73.02,54011.10,0.00,0.00,0.00,345.57,72.58,53804.48,349.55,72.66,53713.44
SME,AU,AU,246.83,46,24.75,39325,2,AU,,,,,3,AUO,1,C,,,,,,,,,,,,,,,,,0.28125,3.55556,7.11111,3.09375,243.31,49.90,54176.20,237.73,49.70,53944.30,227.42,49.60,54893.90,245.83,49.78,54011.10,0.00,0.00,0.00,235.62,49.49,53804.48,238.33,49.54,53713.44
SME,S,S,164.55,30.67,24.75,39325,6,S,,,,,1,O,1,SCR,,,,,,,,,,,,,,,,,0.1875,5.33333,32,0.6875,162.21,33.27,54176.20,158.48,33.13,53944.30,151.61,33.06,54893.90,163.88,33.19,54011.10,0.00,0.00,0.00,157.08,32.99,53804.48,158.89,33.03,53713.44
SME,STL,STL,191.98,35.78,24.75,39325,2,STL,,,,,2,FE,8,O,,,,,,,,,,,,,,,,,0.21875,4.57143,9.14286,2.40625,189.24,38.81,54176.20,184.90,38.66,53944.30,176.88,38.57,54893.90,191.20,38.72,54011.10,0.00,0.00,0.00,183.26,38.49,53804.48,185.37,38.53,53713.44
SME,SI,SI_1,82.28,15.33,24.75,39325,1,SI,,,,,1,AL,3,SIO,,,,,,,,,,,,,,,,,0.09375,10.66667,10.66667,2.0625,81.10,16.63,54176.20,79.24,16.57,53944.30,75.81,16.53,54893.90,81.94,16.59,54011.10,0.00,0.00,0.00,78.54,16.50,53804.48,79.44,16.51,53713.44
SME,SI,SI_2,65.82,12.27,24.75,39325,1,SI,,,,,1,C,1,FLX,1,O,3,SIO,,,,,,,,,,,,,0.075,13.33333,13.33333,1.65,64.88,13.31,54176.20,63.39,13.25,53944.30,60.65,13.23,54893.90,65.55,13.28,54011.10,0.00,0.00,0.00,62.83,13.20,53804.48,63.55,13.21,53713.44
SME,SI,SI_3,109.7,20.44,24.75,39325,1,SI,,,,,1,C,1,O,3,SIO,,,,,,,,,,,,,,,0.125,8,8,2.75,108.14,22.18,54176.20,105.66,22.09,53944.30,101.08,22.04,54893.90,109.26,22.13,54011.10,0.00,0.00,0.00,104.72,21.99,53804.48,105.92,22.02,53713.44
SME,CF,CF,219.4,40.89,24.75,39325,1,CF,,,,,4,AL,2,O,1,SI,,,,,,,,,,,,,,,0.25,4,4,5.5,216.28,44.35,54176.20,211.31,44.18,53944.30,202.15,44.09,54893.90,218.51,44.25,54011.10,0.00,0.00,0.00,209.44,43.99,53804.48,211.85,44.04,53713.44
SME,TI,TI,411.38,76.67,24.75,39325,2,TI,,,,,1,C,1,O,4,TIO,,,,,,,,,,,,,,,0.46875,2.13333,4.26667,5.15625,405.52,83.16,54176.20,396.21,82.83,53944.30,379.03,82.66,54893.90,409.71,82.97,54011.10,0.00,0.00,0.00,392.70,82.48,53804.48,397.22,82.57,53713.44
SME,SI,SI_4,65.82,12.27,24.75,39325,1,SI,,,,,1,AL,1,O,4,TS,,,,,,,,,,,,,,,0.075,13.33333,13.33333,1.65,64.88,13.31,54176.20,63.39,13.25,53944.30,60.65,13.23,54893.90,65.55,13.28,54011.10,0.00,0.00,0.00,62.83,13.20,53804.48,63.55,13.21,53713.44
SME,CU,CU,274.25,51.11,24.75,39325,3,CU,,,,,5,CUO,10,O,1,SIO,,,,,,,,,,,,,,,0.3125,3.2,9.6,2.29167,270.34,55.44,54176.20,264.14,55.22,53944.30,252.69,55.11,54893.90,273.14,55.31,54011.10,0.00,0.00,0.00,261.80,54.98,53804.48,264.81,55.05,53713.44
SME,AL,AL_1,274.25,51.11,24.75,39325,3,AL,,,,,6,ALO,1,C,1,O,,,,,,,,,,,,,,,0.3125,3.2,9.6,2.29167,270.34,55.44,54176.20,264.14,55.22,53944.30,252.69,55.11,54893.90,273.14,55.31,54011.10,0.00,0.00,0.00,261.80,54.98,53804.48,264.81,55.05,53713.44
SME,AL,AL_2,329.1,61.33,24.75,39325,4,AL,,,,,6,ALO,1,C,1,FLX,1,O,,,,,,,,,,,,,0.375,2.66667,10.66667,2.0625,324.41,66.53,54176.20,316.97,66.27,53944.30,303.22,66.13,54893.90,327.77,66.38,54011.10,0.00,0.00,0.00,314.16,65.98,53804.48,317.77,66.05,53713.44
SME,FE,FE_1,329.1,61.33,24.75,39325,4,FE,,,,,1,C,6,FEO,1,FLX,1,O,,,,,,,,,,,,,0.375,2.66667,10.66667,2.0625,324.41,66.53,54176.20,316.97,66.27,53944.30,303.22,66.13,54893.90,327.77,66.38,54011.10,0.00,0.00,0.00,314.16,65.98,53804.48,317.77,66.05,53713.44
SME,FE,FE_2,274.25,51.11,24.75,39325,3,FE,,,,,1,C,6,FEO,1,O,,,,,,,,,,,,,,,0.3125,3.2,9.6,2.29167,270.34,55.44,54176.20,264.14,55.22,53944.30,252.69,55.11,54893.90,273.14,55.31,54011.10,0.00,0.00,0.00,261.80,54.98,53804.48,264.81,55.05,53713.44
SPF,NOZ,NOZ,5249.78,920.87,59.375,953280,1,NOZ,,,,,1,CHA,10,FAL,2,MFK,,,,,,,,,,,,,,,0.3125,3.2,3.2,16.125,5769.94,1021.02,1098062.50,4940.31,980.75,1058178.75,4843.38,955.43,1048120.25,5031.66,934.45,1016506.25,0.00,0.00,0.00,5015.70,952.35,1029542.93,4942.86,934.77,1017530.92
SPF,HPR,HPR,52497.81,9208.68,59.375,953280,1,HPR,,,,,1,CBM,1,FIR,20,STL,,,,,,,,,,,,,,,3.125,0.32,0.32,161.25,57699.38,10210.21,1098062.50,49403.13,9807.50,1058178.75,48433.75,9554.27,1048120.25,50316.56,9344.51,1016506.25,0.00,0.00,0.00,50156.97,9523.52,1029542.93,49428.62,9347.69,1017530.92
SPF,RCT,RCT,27298.86,4788.51,59.375,953280,1,RCT,,,,,10,AST,1,CBS,1,RAG,,,,,,,,,,,,,,,1.625,0.61538,0.61538,83.85,30003.90,5309.35,1098062.50,25689.82,5099.94,1058178.75,25185.74,4968.26,1048120.25,26164.81,4859.18,1016506.25,0.00,0.00,0.00,26081.82,4952.27,1029542.93,25703.08,4860.83,1017530.92
SPF,QCR,QCR,31498.69,5525.21,59.375,953280,1,QCR,,,,,20,BGO,1,CBS,1,RAG,,,,,,,,,,,,,,,1.875,0.53333,0.53333,96.75,34619.84,6126.16,1098062.50,29642.06,5884.54,1058178.75,29060.43,5732.60,1048120.25,30190.13,5606.74,1016506.25,0.00,0.00,0.00,30094.37,5714.15,1029542.93,29657.36,5608.65,1017530.92
SPF,AFP,AFP,4199.83,736.69,59.375,953280,1,AFP,,,,,10,ATP,50,PG,1,SFK,,,,,,,,,,,,,,,0.25,4,4,12.9,4615.95,816.82,1098062.50,3952.25,784.60,1058178.75,3874.70,764.34,1048120.25,4025.33,747.56,1016506.25,0.00,0.00,0.00,4012.56,761.88,1029542.93,3954.29,747.81,1017530.92
SPF,BFP,BFP,3149.87,552.52,59.375,953280,1,BFP,,,,,50,PG,1,SFK,5,THP,,,,,,,,,,,,,,,0.1875,5.33333,5.33333,9.675,3461.96,612.61,1098062.50,2964.19,588.45,1058178.75,2906.03,573.26,1048120.25,3019.00,560.67,1016506.25,0.00,0.00,0.00,3009.42,571.41,1029542.93,2965.72,560.86,1017530.92
SPF,ANZ,ANZ,7349.69,1289.22,59.375,953280,1,ANZ,,,,,1,CHA,20,FET,4,MFK,,,,,,,,,,,,,,,0.4375,2.28571,2.28571,22.575,8077.93,1429.43,1098062.50,6916.45,1373.05,1058178.75,6780.74,1337.60,1048120.25,7044.33,1308.23,1016506.25,0.00,0.00,0.00,7021.99,1333.30,1029542.93,6920.02,1308.68,1017530.92
SPF,HNZ,HNZ,9449.61,1657.56,59.375,953280,1,HNZ,,,,,1,CHA,4,MFK,20,WAL,,,,,,,,,,,,,,,0.5625,1.77778,1.77778,29.025,10385.87,1837.84,1098062.50,8892.55,1765.35,1058178.75,8718.06,1719.77,1048120.25,9056.97,1682.01,1016506.25,0.00,0.00,0.00,9028.24,1714.23,1029542.93,8897.14,1682.58,1017530.92
SPF,HYR,HYR,73496.94,12892.15,59.375,953280,1,HYR,,,,,1,CBL,2,FIR,20,WAL,,,,,,,,,,,,,,,4.375,0.22857,0.22857,225.75,80779.63,14294.38,1098062.50,69164.81,13730.59,1058178.75,67807.67,13376.06,1048120.25,70443.63,13082.40,1016506.25,0.00,0.00,0.00,70220.20,13333.02,1029542.93,69200.51,13086.84,1017530.92
SPF,AEN,AEN,20999.13,3683.47,59.375,953280,1,AEN,,,,,1,ACS,4,AFP,4,ANZ,20,FET,1,MFK,,,,,,,,,,,1.25,0.8,0.8,64.5,23079.75,4084.08,1098062.50,19761.25,3923.00,1058178.75,19373.50,3821.71,1048120.25,20126.63,3737.81,1016506.25,0.00,0.00,0.00,20062.79,3809.41,1029542.93,19771.45,3739.07,1017530.92
SPF,ENG,ENG,8399.65,1473.39,59.375,953280,1,ENG,,,,,1,ACS,10,AST,4,BFP,1,MFK,4,NOZ,,,,,,,,,,,0.5,2,2,25.8,9231.90,1633.63,1098062.50,7904.50,1569.20,1058178.75,7749.40,1528.68,1048120.25,8050.65,1495.12,1016506.25,0.00,0.00,0.00,8025.12,1523.76,1029542.93,7908.58,1495.63,1017530.92
SPF,FSE,FSE,10499.56,1841.74,59.375,953280,1,FSE,,,,,1,ACS,25,BRO,6,LFP,1,MFK,6,NOZ,,,,,,,,,,,0.625,1.6,1.6,32.25,11539.88,2042.04,1098062.50,9880.63,1961.50,1058178.75,9686.75,1910.85,1048120.25,10063.31,1868.90,1016506.25,0.00,0.00,0.00,10031.39,1904.70,1029542.93,9885.72,1869.54,1017530.92
SPF,HTE,HTE,41998.25,7366.94,59.375,953280,1,HTE,,,,,1,ACS,8,AFP,4,HNZ,1,MFK,20,WAL,,,,,,,,,,,2.5,0.4,0.4,129,46159.50,8168.17,1098062.50,39522.50,7846.00,1058178.75,38747.00,7643.42,1048120.25,40253.25,7475.61,1016506.25,0.00,0.00,0.00,40125.58,7618.82,1029542.93,39542.90,7478.15,1017530.92
SPP,AGS,AGS,10674.25,4135.83,79,805860,1,AGS,,,,,20,AST,100,PG,8,TK,,,,,,,,,,,,,,,1.25,0.8,0.8,89.75,11441.63,4578.00,938016.13,10310.31,4406.72,905087.87,9898.91,4377.72,909683.07,10403.81,4227.89,869267.73,0.00,0.00,0.00,10348.24,4292.53,885258.81,10134.28,4222.98,870738.61
SPP,APT,APT,2668.56,1033.96,79,805860,12,APT,,,,,5,ATP,30,THF,,,,,,,,,,,,,,,,,0.3125,3.2,38.4,1.86979,2860.41,1144.50,938016.13,2577.58,1101.68,905087.87,2474.73,1094.43,909683.07,2600.95,1056.97,869267.73,0.00,0.00,0.00,2587.06,1073.13,885258.81,2533.57,1055.74,870738.61
SPP,BRP,BRP,2134.85,827.17,79,805860,12,BRP,,,,,2,KV,5,LST,,,,,,,,,,,,,,,,,0.25,4,48,1.49583,2288.33,915.60,938016.13,2062.06,881.34,905087.87,1979.78,875.54,909683.07,2080.76,845.58,869267.73,0.00,0.00,0.00,2069.65,858.51,885258.81,2026.86,844.60,870738.61
SPP,ARP,ARP,2668.56,1033.96,79,805860,10,ARP,,,,,5,LST,2,TK,,,,,,,,,,,,,,,,,0.3125,3.2,32,2.24375,2860.41,1144.50,938016.13,2577.58,1101.68,905087.87,2474.73,1094.43,909683.07,2600.95,1056.97,869267.73,0.00,0.00,0.00,2587.06,1073.13,885258.81,2533.57,1055.74,870738.61
SPP,SRP,SRP,2668.56,1033.96,79,805860,10,SRP,,,,,5,LST,5,TA,5,W,,,,,,,,,,,,,,,0.3125,3.2,32,2.24375,2860.41,1144.50,938016.13,2577.58,1101.68,905087.87,2474.73,1094.43,909683.07,2600.95,1056.97,869267.73,0.00,0.00,0.00,2587.06,1073.13,885258.81,2533.57,1055.74,870738.61
SPP,BPT,BPT,1867.99,723.77,79,805860,12,BPT,,,,,20,THF,5,THP,,,,,,,,,,,,,,,,,0.21875,4.57143,54.85714,1.30885,2002.28,801.15,938016.13,1804.30,771.18,905087.87,1732.31,766.10,909683.07,1820.67,739.88,869267.73,0.00,0.00,0.00,1810.94,751.19,885258.81,1773.50,739.02,870738.61
SPP,BGS,BGS,8005.69,3101.88,79,805860,1,BGS,,,,,14,FAL,4,KV,80,PG,,,,,,,,,,,,,,,0.9375,1.06667,1.06667,67.3125,8581.19,3433.49,938016.13,7732.71,3305.03,905087.87,7424.16,3283.28,909683.07,7802.83,3170.91,869267.73,0.00,0.00,0.00,7761.15,3219.39,885258.81,7600.69,3167.22,870738.61
TNP,ETC,ETC,2160.4,650.5,45.09090909,339396,1,ETC,,,,,4,FLX,4,REA,1,TC,,,,,,,,,,,,,,,0.5,2,2,20.6,2098.80,674.49,377237.02,2156.68,701.40,385237.16,2000.90,747.23,410728.87,2183.16,673.36,372220.51,0.00,0.00,0.00,2095.39,709.60,390241.77,2120.79,699.28,384256.05
TNP,TC,TC,1836.34,552.93,45.09090909,339396,1,TC,1,O,,,1,TCO,,,,,,,,,,,,,,,,,,,0.425,2.35294,2.35294,17.51,1783.98,573.32,377237.02,1833.18,596.19,385237.16,1700.77,635.15,410728.87,1855.69,572.35,372220.51,0.00,0.00,0.00,1781.08,603.16,390241.77,1802.67,594.39,384256.05
TNP,TCS,TCS,1350.25,406.56,45.09090909,339396,3,TCS,,,,,1,TC,,,,,,,,,,,,,,,,,,,0.3125,3.2,9.6,4.29167,1311.75,421.56,377237.02,1347.93,438.38,385237.16,1250.56,467.02,410728.87,1364.47,420.85,372220.51,0.00,0.00,0.00,1309.62,443.50,390241.77,1325.49,437.05,384256.05
UPF,BR1,BR1,4647.98,967.08,66.42857143,82284,1,BR1,,,,,1,COM,10,FET,1,NV1,10,PSL,20,PSM,5,SAR,,,,,,,,,2.5,0.4,0.4,145,4645.22,1062.22,128204.00,4492.12,1067.22,128217.43,4320.48,1065.64,131080.57,4646.30,1050.69,126962.00,0.00,0.00,0.00,4484.44,1053.02,127187.43,4488.01,1055.94,126966.95
UPF,BR2,BR2,5809.97,1208.85,66.42857143,82284,1,BR2,,,,,1,COM,10,FET,1,NV2,10,PSL,20,PSM,10,SAR,,,,,,,,,3.125,0.32,0.32,181.25,5806.53,1327.78,128204.00,5615.16,1334.03,128217.43,5400.59,1332.05,131080.57,5807.88,1313.37,126962.00,0.00,0.00,0.00,5605.55,1316.27,127187.43,5610.01,1319.93,126966.95
UPF,CQM,CQM,2904.98,604.43,66.42857143,82284,1,CQM,,,,,10,DEC,1,LIS,10,PSL,20,PSM,1,TCU,10,TI,,,,,,,,,1.5625,0.64,0.64,90.625,2903.27,663.89,128204.00,2807.58,667.01,128217.43,2700.30,666.02,131080.57,2903.94,656.68,126962.00,0.00,0.00,0.00,2802.77,658.14,127187.43,2805.01,659.96,126966.95
UPF,BRS,BRS,3485.98,725.31,66.42857143,82284,1,BRS,,,,,10,PSL,20,PSM,4,RAD,5,SAR,10,TI,,,,,,,,,,,1.875,0.53333,0.53333,108.75,3483.94,796.67,128204.00,3369.11,800.42,128217.43,3240.38,799.23,131080.57,3484.75,788.03,126962.00,0.00,0.00,0.00,3363.35,789.77,127187.43,3366.03,791.96,126966.95
UPF,DOU,DOU,2091.59,435.19,66.42857143,82284,1,DOU,,,,,1,COM,10,PSL,4,SAR,,,,,,,,,,,,,,,1.125,0.88889,0.88889,65.25,2090.35,478.00,128204.00,2021.45,480.25,128217.43,1944.21,479.54,131080.57,2090.83,472.81,126962.00,0.00,0.00,0.00,2018.00,473.86,127187.43,2019.60,475.17,126966.95
UPF,TCU,TCU,1859.19,386.83,66.42857143,82284,1,TCU,,,,,1,ADR,12,PSL,8,PSM,,,,,,,,,,,,,,,1,1,1,58,1858.09,424.89,128204.00,1796.85,426.89,128217.43,1728.19,426.26,131080.57,1858.52,420.28,126962.00,0.00,0.00,0.00,1793.78,421.21,127187.43,1795.20,422.38,126966.95
UPF,FUN,FUN,2556.39,531.9,66.42857143,82284,1,FUN,,,,,1,BID,1,BWS,4,PCB,8,PSL,,,,,,,,,,,,,1.375,0.72727,0.72727,79.75,2554.88,584.22,128204.00,2470.68,586.97,128217.43,2376.27,586.10,131080.57,2555.47,577.88,126962.00,0.00,0.00,0.00,2466.45,579.16,127187.43,2468.42,580.77,126966.95
UPF,LU,LU,1742.99,362.66,66.42857143,82284,1,LU,,,,,1,DA,10,PSL,6,PSM,1,WS,,,,,,,,,,,,,0.9375,1.06667,1.06667,54.375,1741.95,398.33,128204.00,1684.54,400.21,128217.43,1620.17,399.61,131080.57,1742.36,394.01,126962.00,0.00,0.00,0.00,1681.66,394.88,127187.43,1683.00,395.98,126966.95
UPF,CQL,CQL,3485.98,725.31,66.42857143,82284,1,CQL,,,,,20,DEC,20,FET,1,LIS,20,PSL,30,PSM,1,TCU,,,,,,,,,1.875,0.53333,0.53333,108.75,3483.94,796.67,128204.00,3369.11,800.42,128217.43,3240.38,799.23,131080.57,3484.75,788.03,126962.00,0.00,0.00,0.00,3363.35,789.77,127187.43,3366.03,791.96,126966.95
UPF,RDS,RDS,3485.98,725.31,66.42857143,82284,1,RDS,,,,,20,PSL,30,PSM,4,SRD,,,,,,,,,,,,,,,1.875,0.53333,0.53333,108.75,3483.94,796.67,128204.00,3369.11,800.42,128217.43,3240.38,799.23,131080.57,3484.75,788.03,126962.00,0.00,0.00,0.00,3363.35,789.77,127187.43,3366.03,791.96,126966.95
UPF,WOR,WOR,2091.59,435.19,66.42857143,82284,1,WOR,,,,,20,PSL,12,PSM,6,UTS,,,,,,,,,,,,,,,1.125,0.88889,0.88889,65.25,2090.35,478.00,128204.00,2021.45,480.25,128217.43,1944.21,479.54,131080.57,2090.83,472.81,126962.00,0.00,0.00,0.00,2018.00,473.86,127187.43,2019.60,475.17,126966.95
UPF,CQT,CQT,1975.39,411.01,66.42857143,82284,1,CQT,,,,,5,AL,1,BMF,1,DEC,2,PSL,5,PSM,1,TCU,,,,,,,,,1.0625,0.94118,0.94118,61.625,1974.21,451.44,128204.00,1909.15,453.57,128217.43,1836.19,452.89,131080.57,1974.67,446.54,126962.00,0.00,0.00,0.00,1905.88,447.53,127187.43,1907.40,448.77,126966.95
UPF,RDL,RDL,5809.97,1208.85,66.42857143,82284,1,RDL,,,,,30,PSL,50,PSM,8,SRD,,,,,,,,,,,,,,,3.125,0.32,0.32,181.25,5806.53,1327.78,128204.00,5615.16,1334.03,128217.43,5400.59,1332.05,131080.57,5807.88,1313.37,126962.00,0.00,0.00,0.00,5605.55,1316.27,127187.43,5610.01,1319.93,126966.95
UPF,SU,SU,2323.99,483.54,66.42857143,82284,1,SU,,,,,2,BSC,10,NG,12,PSL,8,PSM,4,SEQ,,,,,,,,,,,1.25,0.8,0.8,72.5,2322.61,531.11,128204.00,2246.06,533.61,128217.43,2160.24,532.82,131080.57,2323.15,525.35,126962.00,0.00,0.00,0.00,2242.22,526.51,127187.43,2244.01,527.97,126966.95
UPF,CQS,CQS,2323.99,483.54,66.42857143,82284,1,CQS,,,,,2,DEC,5,FAL,1,LIS,5,PSL,10,PSM,1,TCU,,,,,,,,,1.25,0.8,0.8,72.5,2322.61,531.11,128204.00,2246.06,533.61,128217.43,2160.24,532.82,131080.57,2323.15,525.35,126962.00,0.00,0.00,0.00,2242.22,526.51,127187.43,2244.01,527.97,126966.95
UPF,HAB,HAB,2323.99,483.54,66.42857143,82284,1,HAB,,,,,6,BBH,10,BDE,10,BSE,50,SOI,,,,,,,,,,,,,1.25,0.8,0.8,72.5,2322.61,531.11,128204.00,2246.06,533.61,128217.43,2160.24,532.82,131080.57,2323.15,525.35,126962.00,0.00,0.00,0.00,2242.22,526.51,127187.43,2244.01,527.97,126966.95
WEL,CHA,CHA,345.56,47.25,29.29411765,44079,1,CHA,,,,,10,BOS,1,GV,1,HE,,,,,,,,,,,,,,,0.28125,3.55556,3.55556,7.3125,340.63,51.59,61680.80,332.82,51.21,61297.32,318.39,50.98,62340.52,344.16,51.48,61492.52,0.00,0.00,0.00,329.87,51.29,61335.62,333.66,51.29,61193.72
WEL,FC,FC,307.16,42,29.29411765,44079,1,FC,,,,,1,AL,1,BSE,1,HE,,,,,,,,,,,,,,,0.25,4,4,6.5,302.78,45.86,61680.80,295.84,45.52,61297.32,283.01,45.32,62340.52,305.92,45.76,61492.52,0.00,0.00,0.00,293.21,45.59,61335.62,296.59,45.59,61193.72
WEL,GV,GV,191.98,26.25,29.29411765,44079,1,GV,,,,,1,AL,1,HE,,,,,,,,,,,,,,,,,0.15625,6.4,6.4,4.0625,189.24,28.66,61680.80,184.90,28.45,61297.32,176.88,28.32,62340.52,191.20,28.60,61492.52,0.00,0.00,0.00,183.26,28.49,61335.62,185.37,28.50,61193.72
WEL,GC,GC,230.37,31.5,29.29411765,44079,10,GC,,,,,1,AL,1,FE,1,HE,,,,,,,,,,,,,,,0.1875,5.33333,53.33333,0.4875,227.09,34.40,61680.80,221.88,34.14,61297.32,212.26,33.99,62340.52,229.44,34.32,61492.52,0.00,0.00,0.00,219.91,34.19,61335.62,222.44,34.20,61193.72
WEL,FLP,FLP,383.95,52.5,29.29411765,44079,6,FLP,,,,,1,AL,1,FE,1,HE,,,,,,,,,,,,,,,0.3125,3.2,19.2,1.35417,378.48,57.33,61680.80,369.80,56.90,61297.32,353.76,56.65,62340.52,382.40,57.20,61492.52,0.00,0.00,0.00,366.52,56.99,61335.62,370.74,56.99,61193.72
WEL,MHL,MHL,537.53,73.5,29.29411765,44079,1,MHL,,,,,1,FE,1,HE,1,I,,,,,,,,,,,,,,,0.4375,2.28571,2.28571,11.375,529.87,80.26,61680.80,517.72,79.66,61297.32,495.27,79.31,62340.52,535.36,80.08,61492.52,0.00,0.00,0.00,513.13,79.79,61335.62,519.03,79.79,61193.72
WEL,SSC,SSC,76.79,10.5,29.29411765,44079,6,SSC,,,,,2,AL,1,HE,20,NFI,,,,,,,,,,,,,,,0.0625,16,96,0.27083,75.70,11.47,61680.80,73.96,11.38,61297.32,70.75,11.33,62340.52,76.48,11.44,61492.52,0.00,0.00,0.00,73.30,11.40,61335.62,74.15,11.40,61193.72
WEL,TRU,TRU,153.58,21,29.29411765,44079,6,TRU,,,,,2,AL,1,HE,,,,,,,,,,,,,,,,,0.125,8,48,0.54167,151.39,22.93,61680.80,147.92,22.76,61297.32,141.51,22.66,62340.52,152.96,22.88,61492.52,0.00,0.00,0.00,146.61,22.80,61335.62,148.29,22.80,61193.72
WEL,THP,THP,138.22,18.9,29.29411765,44079,4,THP,,,,,2,BE,2,CF,1,HE,,,,,,,,,,,,,,,0.1125,8.88889,35.55556,0.73125,136.25,20.64,61680.80,133.13,20.48,61297.32,127.35,20.39,62340.52,137.66,20.59,61492.52,0.00,0.00,0.00,131.95,20.52,61335.62,133.46,20.52,61193.72
WEL,DRF,DRF_2,76.79,10.5,29.29411765,44079,1,DRF,,,,,6,AL,1,HE,,,,,,,,,,,,,,,,,0.0625,16,16,1.625,75.70,11.47,61680.80,73.96,11.38,61297.32,70.75,11.33,62340.52,76.48,11.44,61492.52,0.00,0.00,0.00,73.30,11.40,61335.62,74.15,11.40,61193.72
WPL,TK,TK,1187.67,223.84,53.77777778,83810,1,TK,,,,,1,KV,1,TC,,,,,,,,,,,,,,,,,0.5625,1.77778,1.77778,27.225,1190.74,221.49,107662.09,1148.76,231.01,110698.36,1106.24,230.39,112828.27,1188.26,224.76,108422.49,0.00,0.00,0.00,1148.70,226.73,109197.29,1146.79,232.22,110684.64
WPL,COT,COT,395.89,74.61,53.77777778,83810,1,COT,,,,,1,RCO,,,,,,,,,,,,,,,,,,,0.1875,5.33333,5.33333,9.075,396.91,73.83,107662.09,382.92,77.00,110698.36,368.75,76.80,112828.27,396.09,74.92,108422.49,0.00,0.00,0.00,382.90,75.58,109197.29,382.26,77.41,110684.64
WPL,SIL,SIL,659.82,124.36,53.77777778,83810,1,SIL,,,,,1,RSI,,,,,,,,,,,,,,,,,,,0.3125,3.2,3.2,15.125,661.52,123.05,107662.09,638.20,128.34,110698.36,614.58,128.00,112828.27,660.14,124.87,108422.49,0.00,0.00,0.00,638.17,125.96,109197.29,637.11,129.01,110684.64
WPL,NL,NL,659.82,124.36,53.77777778,83810,1,NL,,,,,50,PG,,,,,,,,,,,,,,,,,,,0.3125,3.2,3.2,15.125,661.52,123.05,107662.09,638.20,128.34,110698.36,614.58,128.00,112828.27,660.14,124.87,108422.49,0.00,0.00,0.00,638.17,125.96,109197.29,637.11,129.01,110684.64
WPL,KV,KV,1055.71,198.97,53.77777778,83810,1,KV,,,,,75,PG,5,TCL,,,,,,,,,,,,,,,,,0.5,2,2,24.2,1058.43,196.88,107662.09,1021.13,205.34,110698.36,983.33,204.79,112828.27,1056.23,199.79,108422.49,0.00,0.00,0.00,1021.07,201.54,109197.29,1019.37,206.42,110684.64
