Ticker,MMBuy,MMSell,AI1-Average,AI1-AskAmt,AI1-AskPrice,AI1-AskAvail,AI1-BidAmt,AI1-BidPrice,AI1-BidAvail,CI1-Average,CI1-AskAmt,CI1-AskPrice,CI1-AskAvail,CI1-BidAmt,CI1-BidPrice,CI1-BidAvail,CI2-Average,CI2-AskAmt,CI2-AskPrice,CI2-AskAvail,CI2-BidAmt,CI2-BidPrice,CI2-BidAvail,NC1-Average,NC1-AskAmt,NC1-AskPrice,NC1-AskAvail,NC1-BidAmt,NC1-BidPrice,NC1-BidAvail,NC2-Average,NC2-AskAmt,NC2-AskPrice,NC2-AskAvail,NC2-BidAmt,NC2-BidPrice,NC2-BidAvail,IC1-Average,IC1-AskAmt,IC1-AskPrice,IC1-AskAvail,IC1-BidAmt,IC1-BidPrice,IC1-BidAvail,A1-PP7,A1-PP30
AAR,,,16187.5,315,16500,489,16,15000,26,14900,70,14900,566,,,0,20000,,,0,,,0,15786.66992,346,16000,1646,5,15000,81,6765.330078,3,16200,3,,,0,14800,141,14800,141,,,0,15982.536,15902.32301
ABH,,,52042.32031,40,54700,874,100,43800,625,45500,13,51700,764,258,45500,271,46000,,,0,,,0,49000,172,49000,919,149,46000,1194,24074.48047,5,60000,5,,,0,52550,34,52600,496,273,30100,323,51738.85785,51694.85164
ACS,,,150000,20,250000,20,1,130000,29,150000,9,150000,10,1,140000,1,74556.70313,,,0,,,0,150000,2,140000,10,1,130000,1,74556.70313,,,0,,,0,180000,,,0,,,0,148750,145250
ADE,,,49000,34,49000,1411,24,46500,546,46000,25,49700,485,47,46000,483,43000,,,0,,,0,47600,4,47600,917,43,45000,489,21210.50977,7,60000,7,,,0,49100,6,49100,548,77,32400,261,49408.11044,49356.56146
ADR,70000,,80000,10,90000,10,8,81000,108,71000,35,100000,36,100,70000,100,60000,,,0,,,0,70000,10,150000,10,10,80000,120,29108.7793,,,0,,,0,78000,53,78000,53,100,70000,100,80000,78416.669
ADS,,,114000,1,114000,363,5,90000,27,115000,10,115000,153,,,0,250000,,,0,,,0,117423.2188,135,120000,395,2,113000,44,55055.92188,1,128000,1,,,0,119000,4,119000,258,3,90000,16,109485.766,112747.4868
AEF,,,5800,1038,5800,1628,85,4600,583,4000,1163,4000,3484,167,3710,859,4000,,,0,,,0,4800,35,4800,2247,14,3720,1048,4500,69,4000,266,,,0,42963.32813,,,0,13,3040,213,5276.19048,5071.598965
AEN,,,2000000,,,0,,,0,1500000,,,0,1,1000000,1,974291.3125,,,0,1,1000000,1,2500000,,,0,2,989000,2,974291.3125,,,0,,,0,974291.3125,,,0,,,0,2000000,2000000
AFP,,,134241.8438,,,0,,,0,134241.8438,,,0,,,0,134241.8438,,,0,,,0,30000,,,0,,,0,134241.8438,,,0,,,0,134241.8438,,,0,,,0,134241.84,134241.84
AFR,,,19000,16,40000,16,37,16000,37,19000,,,0,20,16000,20,7797.120117,,,0,,,0,18000,5,20000,11,49,18000,67,7797.120117,,,0,,,0,20000,,,0,,,0,19000,18424.68077
AGS,,,400000,,,0,2,250000,2,400000,7,600000,7,,,0,500000,,,0,,,0,551241.5,10,600000,10,1,450000,1,219398.5,,,0,,,0,700000,2,799000,3,,,0,400000,400000
AHP,,,8600,320,8400,3813,376,6000,376,12000,100,12000,143,,,0,5547.209961,,,0,,,0,11900,300,11100,1586,100,8500,300,5547.209961,,,0,,,0,14500,10,17700,37,20,9000,20,8600,8716.823434
AIR,200000,,200000,15,201000,19,100,200000,100,200000,1,221000,1,100,200000,100,90993.92188,,,0,,,0,200000,3,210000,13,100,200000,100,90993.92188,,,0,,,0,200000,4,250000,4,100,200000,100,200018.663,200021.2811
AL,,,1110,994,1150,66515,1343,1110,40537,1180,100,1170,29798,30,970,6764,1250,179,1250,179,901,950,903,1185.859985,1814,1360,32654,279,1180,22455,750,213,1000,253,,,0,1066.219971,1000,1100,16975,121,1060,8138,1128.639367,1177.84088
ALE,,,1300,1583,1300,20720,30,1260,12654,1490,936,1490,12605,100,1200,3484,1300,100,1500,100,,,0,1464,1693,1470,11664,200,1260,6518,1000,13,1000,1126,,,0,1280,7,1280,15080,60,1200,5743,1306.559893,1325.811035
ALG,,,321,980,321,22688,1300,312,27249,311,2150,315,11284,1317,311,26618,250,,,0,,,0,367.4599915,111,368,34380,4629,350,5551,100,,,0,1000,200,1000,305,442,305,24395,5000,250,18378,301.6579833,324.4192672
ALO,42,,220,1349,220,65070,1287,181,36249,255,1471,255,39067,17,226,12506,200,888,400,888,,,0,319,1723,319,46883,193,278,17473,250,,,0,1000,250,4000,260,729,260,22774,330,220,7038,201.7354837,238.6831756
AMM,61,,143.1300049,28,144,22979,1000,112,11538,130,6819,130,100157,94,120,40365,90,611,100,1989,50,95,50,96.19999695,5780,105,169560,2000,96.09999847,74975,90,500,100,3773,2227,90,2227,108,416,114,44943,684,108,24616,142.7245298,140.3425985
ANZ,,,70600.54688,,,0,,,0,70600.54688,,,0,,,0,70600.54688,,,0,,,0,70600.54688,,,0,,,0,70600.54688,,,0,,,0,70600.54688,,,0,,,0,70600.55,70600.55
APT,,,14000,173,14000,1062,40,12000,40,15000,,,0,,,0,6935.350098,,,0,,,0,22000,,,0,50,12000,50,6935.350098,,,0,,,0,50000,1,50000,1,,,0,13360.05435,13003.23409
AR,,,138.2100067,100,140,33529,20000,106,51163,158,4078,158,94515,1000,140,29268,200,,,0,300,200,1300,200,901,200,32258,2000,165,14100,400,200,270,200,,,0,200,2000,240,16139,42,180,2576,145.9598398,156.5595262
ARP,,,10000,43,10000,121,,,0,8500,,,0,,,0,4639.379883,,,0,,,0,8500,99,8500,102,,,0,4639.379883,,,0,,,0,4639.379883,,,0,,,0,10000,10000
ASE,,,42500,49,42500,465,21,40200,526,42900,44,42900,291,42,31500,44,42000,,,0,10,33000,10,38600,250,38600,1387,260,36000,721,19526.61914,10,48000,10,,,0,40362.5,4,40400,665,80,32600,80,47186.08298,43899.74865
AST,,,2250,83,2600,2421,354,2250,2614,2700,14,2300,658,100,2000,101,1626.449951,100,10000,100,,,0,2890,1234,2890,5608,2,1000,2,2000,,,0,,,0,2000,602,2980,722,,,0,2316.834677,2444.080032
ATA,,,29400,76,29400,303,46,25000,46,28735,1,28800,383,51,25500,66,1600,,,0,,,0,27400,6,30000,593,241,27400,638,15767.91016,10,38000,10,,,0,28700,13,28700,212,26,26000,156,28938.93103,27046.60529
ATP,,,9000,,,0,196,9000,196,30000,,,0,,,0,12361,,,0,,,0,25000,16,35000,16,,,0,12361,,,0,,,0,25000,,,0,,,0,9000,12300
AU,,,2900,9,2900,7071,98,2110,752,2000,95,2000,1212,100,1590,1537,950,,,0,,,0,1720,5,2190,8398,68,1720,1023,998,20,1200,71,,,0,961,155,1800,3659,50,1000,858,2997.598271,2783.371776
AUO,137,,600,174,900,16762,350,401,3994,500,200,589,3284,8,500,2481,225,,,0,900,225,900,470,349,470,15370,900,381,24133,270,51,270,51,,,0,301,458,550,1483,1670,301,2497,500.1114296,591.9200581
AWF,,,5800,18,5800,198,100,5500,100,6000,48,6000,84,,,0,2940.560059,,,0,,,0,5950,29,6000,423,100,5000,200,2940.560059,5,5950,5,,,0,6000,7,6000,17,,,0,5800,5833.335
AWH,,,13500,29,25000,29,157,12000,257,12500,25,25000,25,,,0,8377.230469,,,0,,,0,20000,39,20000,63,50,10000,150,8377.230469,,,0,,,0,25000,10,24900,29,,,0,12460.84578,12307.66535
BAC,,,2090,96,2090,5186,250,1900,750,2100,622,2100,1300,,,0,1276.02002,,,0,,,0,1900,225,2100,5004,24,1810,1924,1276.02002,10,2250,10,,,0,2000,3000,2570,4162,200,2100,230,1965.324832,2140.154646
BAI,,,17000,1,18000,11,99,17000,568,16000,30,16000,30,2,5900,2,6790,,,0,,,0,16200,2,19900,69,21,16200,272,6790,,,0,,,0,12000,2,15000,2,,,0,16966.656,16815.97048
BBH,750,2550,2550,100,2550,880,695,2410,1678,2500,40,2540,597,40,2500,1276,2540,18,2500,349,28,1900,36,2550,100,2550,5447,53,2470,2329,2550,144,2550,144,69,1960,118,2550,100,2550,274,7,2500,849,2540.601921,2539.847707
BCO,,,798,70,798,1939,500,731,8270,845,543,845,2388,275,650,13859,660,,,0,,,0,751.3400269,2000,751,17895,1000,700,14400,640,200,747,200,,,0,680,153,650,7543,100,505,1100,759.3032439,766.4850496
BDE,850,2350,2350,100,2350,120,365,2300,2424,2250,100,2350,214,155,2250,1061,2300,26,2300,767,,,0,2350,100,2350,221,84,2190,1740,2300,68,2300,302,20,2000,24,2340,149,2340,565,19,2290,138,2345.004544,2342.496822
BE,,,1804.680054,156,1890,22248,309,1800,2509,1710,126,1900,3550,265,1710,885,2900,42,2900,142,,,0,1700,30,1700,33727,670,1510,4296,1700,18,1700,18,,,0,2050,160,1900,8776,,,0,1885.933651,2008.213108
BEA,84,,390,645,390,2334,9065,350,20080,332.6799927,334,390,11458,9341,320,25973,250,,,0,,,0,398,1912,398,21841,4088,390,6900,325,510,325,526,225,250,1225,346,280,349,28067,182,345,23177,373.6695285,385.8947945
BER,,,580,1695,580,29394,5000,505,10279,500,880,559,13448,1355,500,2662,500,,,0,,,0,534,2650,534,27074,500,395,11508,117.5500031,50,551,50,,,0,599,31,600,7377,200,450,3094,564.9631957,442.9116848
BFP,,,20000,,,0,,,0,25000,1,25000,1,,,0,20224.41992,,,0,,,0,24000,,,0,,,0,20224.41992,,,0,,,0,20224.41992,,,0,,,0,20000,20000
BFR,,,3500,17,6000,17,98,3500,98,6400,8,6400,8,12,4000,12,2515.219971,,,0,,,0,5000,,,0,41,4000,41,2515.219971,,,0,,,0,3000,214,4000,214,,,0,4437.5,3987.528393
BGC,,,679,900,678,19515,200,665,9067,700,2505,700,12235,20,650,2190,600,36,600,36,,,0,728,50,728,9767,300,610,14910,500,100,720,100,,,0,500,4064,666,4066,500,505,1053,679,671.2752268
BGO,,,2720,40,2790,11933,198,2720,1945,2964.639893,78,3000,527,100,2000,353,2000,,,0,,,0,2020,32,2170,3872,67,2020,2072,2300,50,2500,60,,,0,2203.340088,66,2490,887,26,2010,319,2819.664497,2709.013745
BGS,,,219000,1,219000,3,1,160000,1,199000,9,199000,9,,,0,87483.47656,,,0,,,0,198000,8,199000,18,,,0,87483.47656,,,0,,,0,199000,22,199000,51,1,1,1,219000,219208.335
BHP,,,3340,20,4480,1994,4,3340,793,3800,35,3800,1415,20,3210,554,1500,,,0,,,0,6130,34,6120,6315,200,3700,1333,4500,20,4410,65,,,0,3210,668,4450,2575,200,3200,399,4170.58038,4371.012664
BID,,,61000,90,110000,165,,,0,3000,10,100000,20,1,7400,1,24534.48047,,,0,,,0,75000,10,100000,20,,,0,24534.48047,,,0,,,0,24534.48047,10,100000,10,,,0,56781.25,56781.25
BL,,,9416.700195,12,8000,75,10,7000,312,8000,35,8000,153,100,5500,100,4500,,,0,,,0,9900,51,9900,250,100,6000,274,2975.580078,,,0,,,0,9500,79,9500,79,100,5500,100,7780.723636,7621.663923
BLE,,,2490,57,2500,1776,50,2000,250,2150,106,2150,2297,50,1750,850,1800.160034,,,0,,,0,2000,60,2200,1461,19,2000,419,1800.160034,,,0,,,0,1500,103,2400,819,255,1500,355,2490,2410.835
BMF,,,30000,8,30000,501,20,26000,190,37700,2,37600,116,2,30000,64,10932.17969,,,0,5,22000,5,31000,15,30500,380,5,27100,130,10932.17969,1,31000,1,,,0,30900,37,30900,47,50,25000,60,30523.71692,31769.44209
BND,,,200,3,200,4619,1000,190,1000,300,,,0,900,200,900,269.8999939,,,0,,,0,225,902,225,902,371,200,381,500,,,0,,,0,190,,,0,,,0,200,205.21
BOR,,,495,357,500,22124,920,302,6371,499,1000,550,6460,1000,332,1200,300,,,0,300,225,300,550,300,540,15927,726,430,3577,75,10,550,10,50,130,250,301,379,500,379,1000,302,1801,330.42,425.8340556
BOS,,,5539.680176,,,0,800,5600,1265,4300,,,0,,,0,3250,4,3250,4,,,0,5500,180,4990,1533,300,3810,1050,1907.819946,,,0,,,0,4300,979,4300,1177,6,4200,46,5380.686545,5380.686545
BPT,,,5000,28,5000,34,,,0,8000,,,0,,,0,2205.449951,,,0,,,0,11400,31,12000,31,90,11400,120,2205.449951,,,0,,,0,8000,,,0,,,0,10000,10000
BR1,,,940000,1,959000,10,5,600000,5,800000,7,946000,20,1,750000,2,1300000,,,0,,,0,839000,1,840000,10,1,500000,1,252956.6406,,,0,,,0,994000,3,990000,10,1,450000,2,940000,925032.292
BR2,,,900000,2,900000,5,,,0,945000,2,949000,11,,,0,1300000,,,0,,,0,900000,1,898000,13,1,800000,1,339977.9688,,,0,,,0,900000,3,900000,9,,,0,900000,899904.7629
BRM,,,185.6600037,585,210,9100,2682,171,4053,250,787,250,8653,247,120,671,270,3165,200,16907,1000,91,1000,249,56242,249,77430,1000,170,35240,200,87,250,287,,,0,208.3699951,1734,246,8297,1500,50,1500,208.6751491,187.8264856
BRO,,,2500,10,2440,3438,300,2010,450,1986.150024,186,2000,450,20,1810,148,829.9899902,7,2500,7,,,0,2390,6,2390,1046,300,1900,840,829.9899902,,,0,,,0,1890,24,2500,103,9,1000,9,2288.424679,2294.273768
BRP,,,5000,24,6000,24,30,4000,30,6000,6,6000,6,,,0,2656.76001,,,0,,,0,5500,1,5400,4,,,0,2656.76001,,,0,,,0,2656.76001,,,0,,,0,5000,5000
BRS,,,480000,1,480000,1,1,350000,5,420000,1,420000,2,1,200000,1,126513.0703,,,0,,,0,410000,1,410000,7,1,150000,1,126513.0703,,,0,,,0,450000,,,0,,,0,480000,466195.6525
BSC,,,51000,3,53100,23,8,51000,112,50000,32,150000,32,1,50000,6,14471.71973,,,0,,,0,50200,,,0,28,50200,154,14471.71973,1,52000,1,,,0,55000,39,55000,39,30,50100,43,53276.61965,52914.18136
BSE,425,1650,1640,110,1640,695,30,1550,7197,1600,100,1650,237,32,1600,1659,1600,,,0,12,1000,23,1650,100,1650,5887,6,1640,3965,1640,110,1640,279,50,1300,50,1560,3791,1640,6339,100,1560,2627,1637.914891,1641.911005
BTA,,,1570,1,1590,223,111,1490,1082,1580,32,1580,182,92,1400,905,1580,17,1580,534,,,0,1560,24,1560,468,69,1250,1053,1600,70,1600,470,50,1200,50,1521.25,35,1590,158,14,1510,351,1587.853694,1578.068726
BTS,,,455.75,1162,475,31720,1000,355,4447,494,11310,494,40532,2000,341,6000,100.3499985,,,0,,,0,396.75,2054,450,29726,393,300,2893,100.3499985,100,529,100,,,0,480,4516,480,9500,1000,404,1610,473.111775,414.6206978
BWH,,,9500,88,9500,128,,,0,5000,10,5000,10,,,0,3002.350098,,,0,,,0,3250,,,0,73,3250,73,3002.350098,,,0,,,0,4000,,,0,,,0,9500,9375
BWS,,,22000,4,22000,759,17,19100,257,23634.16016,44,23700,160,2,20000,2,30000,,,0,5,22000,5,21128.69922,9,22000,1043,10,20000,40,8590.129883,1,23000,1,,,0,23100,8,23100,128,,,0,22951.55316,23793.95627
C,225,,872,222,860,95487,1167,822,18845,830,535,830,33801,24,800,27549,1000,389,1000,881,500,601,1100,824,1200,899,95566,506,824,40073,750,17,750,252,,,0,792,700,792,54924,546,765,34335,862.2754278,857.7846785
CA,,,900,40,1190,140,330,200,330,552.4000244,49,777,432,620,405,898,101,,,0,,,0,1200,177,1200,183,1718,207,1918,991.1799927,15,1000,15,,,0,100,100,900,667,169,100,169,1029.349515,1029.579911
CAF,,,1450,12,1450,3037,178,1400,278,1530,33,1530,3117,40,1250,2977,1000,,,0,,,0,1473.680054,241,1580,7879,1000,1500,10204,776.2800293,,,0,500,1000,500,1660,800,1660,8257,400,1360,1987,1484.420143,1511.520557
CAP,,,176,359,200,359,618,176,618,175,2,250,670,,,0,141.9700012,,,0,,,0,275,1051,275,9146,1000,235,2000,141.9700012,100,250,100,,,0,300,77,250,2225,100,100,100,191.0862069,262.4814377
CBL,91000,,91363.07813,10,92000,20,20,91100,220,91000,4,92000,19,100,91000,100,88000,3,91000,3,,,0,91000,5,92000,62,50,91100,150,43652.07031,5,92000,5,,,0,91000,15,100000,17,100,91000,100,91240.24089,91168.17071
CBM,,,65000,,,0,10,63100,120,63000,,,0,100,63000,100,29521.83008,,,0,,,0,63000,10,70000,10,100,63000,100,29521.83008,5,69900,5,,,0,63000,,,0,100,63000,100,65000,64979.165
CBS,,,55000,15,55000,15,50,45000,235,42200.89844,6,45000,6,100,42000,100,17911.09961,5,50000,5,,,0,42000,58,43000,58,100,42000,100,17911.09961,10,43000,10,,,0,42000,15,43800,15,100,42000,100,55000,48173.91
CBU,,,380000,48,380000,51,10,350000,10,380000,45,380000,97,5,350000,5,173954.7188,,,0,,,0,370000,6,375000,108,10,360000,10,173954.7188,,,0,,,0,380000,50,380000,54,10,350000,10,380000,380000
CC,650000,,650000,1,2000000,1,100,650000,100,650000,1,700000,1,100,650000,100,330828.7188,,,0,,,0,650000,5,750000,5,100,650000,100,330828.7188,,,0,,,0,650000,,,0,100,650000,100,650000,650000
CCD,,,80000,,,0,100,80000,100,80000,114,80100,208,100,80000,100,27557.33984,,,0,,,0,80100,100,81000,369,131,80100,231,27557.33984,,,0,,,0,80100,5,84900,10,150,80100,250,80029.49427,80008.66064
CD,,,11000,11,11000,126,48,10000,48,12000,2,20000,2,,,0,7880.339844,,,0,,,0,13200,21,13000,54,10,12000,110,7880.339844,10,13200,10,,,0,13200,,,0,,,0,11000,11000
CF,,,6209.399902,156,7600,1429,64,6100,268,6800,15,6800,72,195,4600,199,5000,,,0,,,0,7150,90,7150,1867,58,6700,950,3393.100098,10,7850,10,,,0,6000,81,7840,388,100,3000,100,6043.755714,6983.314219
CHA,,,30000,,,0,7,30000,37,50000,1,50000,1,,,0,20987.94922,,,0,,,0,50000,,,0,20,45000,20,20987.94922,,,0,,,0,12500,,,0,,,0,30000,30000
CL,,,3400,335,3400,14474,834,3210,6714,3180,787,3190,26543,886,3050,6045,4000,126,4000,186,200,2310,380,3300,3890,3300,39811,300,2830,2375,3600,10,3500,41,,,0,3200,539,3200,6316,7,3050,1191,3446.351845,3143.172596
CLI,51,,78.01000214,1000,234,57455,74,53,174,200,428,200,29900,98,145,4299,250,180,250,180,400,170,2400,238,131,238,20900,1000,200,8752,375,123,375,131,,,0,150,949,220,14511,48,110,2001,83.16919732,234.0054891
COF,,,840,11045,840,69084,40,802,5947,829,16,829,39520,100,765,9333,1500,65,1500,65,500,700,500,760,1837,830,69968,998,760,10519,850,1860,850,2635,,,0,810,655,810,47503,360,730,18882,830.4823153,829.0384135
COM,,,118000,68,118000,120,5,100000,15,118000,66,118000,130,10,100000,37,250000,,,0,,,0,109513.2734,1,117000,87,5,101000,39,37311.39063,1,116000,1,,,0,118000,14,129000,20,5,100000,5,117000,117819.972
COT,,,3400,100,3390,2979,100,3120,2601,3455.560059,54,3600,606,202,3060,838,2700,7,3000,179,,,0,3000,6,4200,1489,300,2900,1395,4000,3,4000,3,,,0,3120,294,3120,3619,285,2930,525,3314.862566,3319.487634
CQL,,,1940000,1,1950000,2,,,0,1890000,1,1900000,2,,,0,1000000,,,0,,,0,1970000,1,1980000,10,,,0,634922,,,0,,,0,1370000,1,1980000,1,1,2,2,1940000,1745119.047
CQM,,,1220000,1,1230000,5,,,0,980000,1,1390000,2,1,1000000,1,875000,,,0,,,0,999000,1,1040000,4,1,650000,2,481565,,,0,,,0,1290000,1,1280000,3,,,0,1180000,1145160.985
CQS,,,898000,1,896000,7,,,0,1000000,1,840000,2,1,750000,3,800000,,,0,1,600000,1,839000,1,830000,11,,,0,378392,,,0,,,0,988000,1,830000,7,,,0,898000,883050
CQT,,,549000,1,450000,3,,,0,150000,1,320000,2,2,100000,2,250000,,,0,,,0,249622.6563,3,278000,5,4,100000,4,107709.6172,,,0,,,0,310000,1,500000,1,,,0,549000,534708.33
CRU,,,200000,2,800000,2,100,200000,100,200000,,,0,100,200000,100,139245.9375,,,0,,,0,700000,8,700000,8,100,200000,100,139245.9375,,,0,,,0,139245.9375,,,0,100,200000,100,200000,200000
CST,,,1450,35,4950,35,15,1450,15,2200,3,2290,271,,,0,2912.709961,,,0,,,0,2490,82,2480,95,,,0,2912.709961,,,0,,,0,1690,,,0,,,0,226.04,200.1363351
CTF,,,16000,228,16500,550,20,16300,60,22000,8,22000,8,5,14000,5,16000,,,0,9,16000,9,18000,294,18000,1168,100,15800,200,10081.88965,10,20500,10,,,0,16000,10,17000,10,48,16000,48,16328.1003,16428.923
CU,,,2084.169922,34,2090,14954,377,1900,4943,2590,69,2590,1386,25,2060,2262,1400,,,0,,,0,2100,60,2100,8008,8,1770,5788,560.7399902,10,2250,10,,,0,2145.73999,106,2150,1817,500,1720,936,2220.462141,2533.231864
CUO,63,,855.75,79,750,7888,250,461,4837,699.6099854,600,750,983,50,650,5134,425,,,0,100,164,600,750,136,700,2179,82,509,15240,250,1,250,1,,,0,301.5,748,400,2772,776,301,5737,858.3363402,861.4770305
DA,,,48000,15,49000,70,10,45000,132,30000,20,50000,20,10,45000,17,45000,,,0,,,0,59000,24,59000,39,10,50000,57,26101.83984,,,0,,,0,41800,10,55000,10,10,50000,10,48000,47151.00516
DCH,,,23000,10,24000,230,2,23000,142,19000,,,0,10,20000,10,8990.330078,,,0,,,0,23000,2,24000,2,10,23000,140,8990.330078,,,0,,,0,8990.330078,,,0,10,20000,10,23000,23312.5
DCL,,,7261.399902,250,6900,1000,100,5800,2116,7493,388,7500,643,90,2830,90,3482.080078,,,0,,,0,6890,76,6890,1031,100,5810,1250,3482.080078,10,6790,10,,,0,8000,10,7990,25,,,0,7241.850065,6693.233779
DCM,,,5000,206,5190,1049,86,5000,1811,3600,100,5990,206,100,3580,849,3500,,,0,,,0,4850,94,4850,2450,102,4330,2209,2230.159912,10,4900,10,,,0,4000,,,0,100,3510,200,5193.907968,4628.560364
DCS,,,1900,200,1950,1681,384,1900,3662,1890,341,1890,963,100,1450,2464,1500,,,0,,,0,1990,355,1990,3242,300,1770,3805,846.7299805,50,1840,50,,,0,3500,591,1800,830,200,1460,1104,1918.046911,1811.500255
DD,,,36000,1,40000,16,7,36000,7,44400,6,44400,6,,,0,25000,3,25000,4,,,0,40000,18,39000,28,1,36000,1,26608.73047,,,0,,,0,30000,,,0,,,0,36000,36000
DDT,,,2532.959961,40,2580,15007,200,2460,2143,2600,80,2590,4326,34,2100,4714,100,144,3500,495,,,0,2784.879883,73,2740,23660,1200,2400,2514,3500,20,2500,20,,,0,2480,2400,2900,7036,5,2150,3352,2521.42246,2547.384045
DEC,,,29900,166,29900,1128,10,17000,30,17000,19,17000,186,,,0,9362,,,0,,,0,16300,1,19400,737,3,16300,342,9362,,,0,,,0,12000,1,14000,38,,,0,29900,28533.96643
DIS,,,5700,75,5800,248,,,0,8750,1,8870,60,1,7700,1,5454.77002,17,9500,17,,,0,8890,20,8800,30,,,0,5454.77002,10,9000,10,,,0,6500,25,6500,25,,,0,5700,5660.415
DOU,,,250000,5,449000,7,,,0,101902.6328,2,449000,2,,,0,101902.6328,,,0,,,0,260000,4,260000,4,,,0,101902.6328,,,0,,,0,275000,,,0,,,0,250000,250000
DRF,,,5319.620117,8,6000,308,13,5310,1221,6000,90,6500,126,300,5500,322,3014.189941,,,0,,,0,6000,11,6280,33,247,6000,382,3014.189941,,,0,,,0,5400,,,0,100,5000,170,5482.41186,5390.785475
DV,,,14000,1,14000,19,1,13000,1,20000,1,14000,4,1,10000,1,15000,2,15000,2,,,0,14000,3,15000,94,3,14000,3,12317.79004,,,0,,,0,15000,,,0,,,0,14395.83,16187.5
DW,19,121,114,32442,114,436107,161,107,143971,115,1494,115,219231,46123,98.40000153,260928,110,3917,110,3917,20,100,10020,101,9697,104,634539,793,101,183505,100,11233,100,17977,2849,90,2849,101,321,101,156989,96,95,607199,112.288565,110.881049
EBU,,,190000,80,190000,80,2,160000,2,190000,45,190000,95,,,0,90493.82031,,,0,,,0,188000,2,188000,101,6,180000,6,90493.82031,,,0,,,0,90493.82031,50,190000,100,,,0,190000,190000
EDC,8000,,8000,294,8010,690,100,8000,100,8000,13,8100,119,100,8000,100,11000,2,11000,3,,,0,8020,1,9880,116,454,8020,654,8211.860352,,,0,,,0,8000,11,11200,11,100,8000,100,8000,8010.250032
EES,,,24000,80,55000,831,,,0,54947.73047,36,65000,56,48,24000,48,75000,2,75000,7,,,0,44000,10,43800,172,50,5000,50,48394.19922,,,0,,,0,68000,5,69600,14,,,0,24000,14750.385
ENG,,,1000000,,,0,1,850000,1,900000,5,1000000,10,,,0,365225.5625,,,0,,,0,1100000,1,900000,5,1,450000,2,365225.5625,,,0,,,0,1100000,,,0,1,1000000,2,1000000,1000000
EPO,,,155.5800018,21850,160,851696,25000,154,329940,175,67750,175,127750,6460,157,228360,175,,,0,,,0,160,51096,160,253096,65000,156,225400,170,590,170,12740,,,0,153.5599976,400,179,166814,13800,153,237800,162.5469986,157.4008306
ES,,,1420,4296,1420,10013,250,1200,250,1390,180,1390,32693,50,1230,201,1650,100,2000,100,,,0,1392.359985,189,1440,17693,245,1300,1485,1875.349976,20,1440,20,,,0,1650,238,1650,2862,100,1530,600,1420.346586,1381.284177
ETC,,,11000,13,24000,214,,,0,20000,,,0,1,20000,1,15000,62,15000,62,,,0,19000,7,18400,86,5,11000,5,10235.53027,,,0,,,0,17000,37,20000,37,8,8900,8,11000,11000
EXO,,,325,769,325,10837,500,321,13309,340,195,340,6391,10,257,13041,350,600,300,800,,,0,302,803,302,19965,6,296,17689,400,100,320,2465,,,0,315,44,315,22647,160,290,11065,361.7906353,339.7042278
F,,,3900,465,3900,465,100,353,300,1900,100,4400,500,11,1900,76,1000,,,0,,,0,2900,997,2900,3537,20,1610,220,222.2200012,1000,2900,1010,,,0,2300,50,2300,1642,50,2010,652,3900,3945.473871
FAL,,,2216.790039,144,2100,3048,500,1920,835,3000,188,4250,188,,,0,1025.390015,,,0,,,0,5000,1336,5000,1336,500,1600,1440,1025.390015,,,0,,,0,1250,42,2690,400,82,1000,82,2211.614679,2370.754686
FAN,,,2400,120,2350,1831,200,1910,781,2200,413,2200,1116,5,2100,5,971.9500122,,,0,,,0,1900,8,2220,1049,4,1900,530,1000,10,2250,10,,,0,2200,82,2200,82,,,0,2401.875,1918.830729
FC,,,4740,1364,4700,2128,75,3520,1172,4983.649902,4,5000,4,66,2000,66,2253.139893,,,0,,,0,5088.720215,97,5250,1228,17,5000,699,2253.139893,,,0,,,0,4200,3,4890,10,282,4200,282,4724.375,4914.382471
FE,,,1010,623,1010,15885,500,940,4452,847,201,847,9724,15,712,4290,500,,,0,,,0,810,63,938,20741,50,811,5807,650,174,650,294,,,0,985,100,980,333,300,841,1325,980.6653572,990.0639984
FEO,,,150,57,169,35703,4288,150,4488,198,182,198,4244,10,115,5312,99,,,0,60,60,1013,105,230,145,25367,4770,105,43838,65,,,0,200,65,200,86,49,86.19999695,4103,327,86,5522,168.2683539,176.9107022
FET,,,2800,1487,3000,5296,60,2620,3194,3970,147,3970,763,100,2500,115,1610.849976,,,0,,,0,3933.659912,229,4000,1596,120,2750,571,1610.849976,,,0,,,0,2010,20,3390,378,500,2000,510,2650.584651,2900.511755
FF,9,24,22.79999924,8929,22.79999924,1505593,10000,19.79999924,214636,19.79999924,78514,19.79999924,1418702,43960,18.20000076,445322,22.23999977,19370,22.5,164488,5000,15,33931,20.5,659266,20.5,2389333,250,20.39999962,602123,21.44000053,29096,21.5,35596,1877,17,20127,21.89999962,21527,21.89999962,1122559,350,21.29999924,451322,23.20288606,22.80866152
FFC,,,276451.6563,3,276000,14,100,240000,100,280000,1,280000,5,1,270000,101,143944.2188,,,0,,,0,305024.0938,1,300000,19,1,290000,101,143944.2188,,,0,,,0,379000,1,379000,6,1,300000,104,278520.8317,306633.8135
FIM,,,2080,1458,2080,24619,100,1730,7073,1800,279,1800,17560,900,1630,4008,4000,20,4000,20,,,0,1780,2204,1780,48643,678,1660,5784,1300,1000,1900,1419,,,0,1610,925,1700,21139,792,1610,8422,2015.553338,1930.705172
FIR,,,1200000,1,1100000,2,,,0,560757.5,1,1400000,1,,,0,560757.5,,,0,,,0,1300000,1,1300000,1,,,0,560757.5,,,0,,,0,560757.5,2,1400000,2,,,0,1200000,1200000
FLO,,,14000,,,0,80,20000,166,15000,3,30000,3,,,0,10142.9502,,,0,,,0,23615.15039,,,0,70,20000,70,10142.9502,,,0,,,0,10142.9502,,,0,,,0,14000,14000
FLP,,,620,146,620,2525,500,556,2129,595,292,595,709,500,531,819,200,100,600,100,500,300,600,642,30,657,5580,500,613,4282,1,106,600,258,,,0,665,719,665,5067,500,604,773,622.6766387,626.3665738
FLX,,,141,910,188,56442,793,140,22386,178,82,178,47608,673,177,32355,200,,,0,,,0,179,61,252,33086,290,179,21144,200,2000,225,3454,1000,200,1094,249,500,249,45151,500,166,34040,191.9477948,225.152484
FOD,,,400,2437,450,11265,9901,400,10621,71.11000061,5166,400,5256,,,0,290,,,0,,,0,450,610,450,1589,483,320,8464,170.3099976,,,0,500,400,500,400.6400146,300,195,300,251,190,4406,418.8042781,407.1683348
FSE,,,1590000,3,1500000,6,1,700000,11,1990000,1,1990000,2,2,600000,4,424890.125,,,0,,,0,900000,1,950000,7,1,660000,3,424890.125,,,0,,,0,899625,1,899000,2,2,650000,2,1416805.557,1499977.74
FUN,,,160000,,,0,10,160000,10,150000,10,160000,10,,,0,59529.46875,,,0,,,0,150000,2,160000,16,,,0,59529.46875,,,0,,,0,59529.46875,2,150000,2,,,0,125463.255,125463.255
GAL,57,,250,165,250,10459,50,220,7593,143,607,165,43606,106,143,17387,160,600,160,7809,,,0,210,840,281,16456,23,210,11159,140,10,275,10,,,0,208.3699951,121,200,70702,3814,140,25763,282.0909505,228.9047012
GC,,,350,1600,355,7502,1000,80,11000,539.9199829,133,555,258,200,350,1512,153.6600037,,,0,,,0,415,10,414,15866,480,301,3930,153.6600037,10,399,10,,,0,305,600,500,600,257,305,2257,358.9736628,406.7582501
GCH,,,2100,3,14500,3,,,0,20000,,,0,,,0,20158.63086,,,0,,,0,25000,7,9000,12,,,0,20158.63086,1,9000,1,,,0,7500,5,8000,12,,,0,2100,2100
GEN,,,163000,4,200000,24,,,0,80000,1,250000,5,,,0,250399.7188,,,0,,,0,245000,4,270000,7,1,165000,3,250399.7188,,,0,,,0,195000,5,200000,15,1,170000,2,163000,174947.915
GIN,,,1630,69,1630,29012,300,1600,4384,1740,180,1740,7034,1000,1410,2006,1990,6,1990,6,,,0,1730,371,1730,9339,1000,1620,4512,2400,500,1900,610,500,1300,500,1600,467,1710,5446,268,1600,4496,1696.358737,1677.181267
GL,,,347.4400024,1000,349,31137,1398,265,120698,310,1761,310,12967,500,300,104490,300,200,400,400,,,0,287.5599976,646,288,72273,560,280,129016,340,20,250,120,,,0,329,103,329,26269,15,300,111452,339.3389231,292.36941
GNZ,,,8000,,,0,,,0,45000,6,45000,6,,,0,43005.87891,,,0,,,0,1500,,,0,,,0,43005.87891,,,0,,,0,43005.87891,,,0,,,0,8000,8000
GRA,,,3200,295,3200,5638,200,2610,2022,3100,111,3100,500,130,2610,2016,4200,,,0,,,0,2839.810059,141,3000,8913,482,2700,3116,1267.97998,,,0,,,0,2881.870117,300,3400,1919,400,2610,2400,3195.704681,3202.979053
GRN,86,,368,249,368,48418,3717,340,13725,321,35,330,22962,3280,321,17399,185,100,400,100,25,200,25,398,87,398,19233,607,390,50282,375,2000,395,2100,974,325,974,312,234,324,35405,344,312,29836,353.9193674,352.4633389
GV,,,2197.100098,254,2200,2558,200,1910,783,2390,33,2390,420,196,1910,696,1032.550049,,,0,,,0,2140,13,2140,950,163,2000,1163,1032.550049,10,2440,10,,,0,2010,3,2480,250,153,2010,153,2121.33786,2141.470792
H,50,,128,6969,128,293290,500,117,65080,115,2468,115,165639,60,114,120711,110,,,0,5000,100,10000,127,1850,127,253102,1000,112,31045,85,5990,105,6071,1423,85,1423,104,4051,104,123711,3245,95,81373,125.7980286,127.0211332
H2O,10,,47.20000076,62698,47.20000076,947278,2000,40.29999924,1643099,40,612091,40,1457293,40,39,181455,37,5000,40,12519,1000,10,1000,40,339922,40,1936568,264575,39.90000153,336602,40,355,42,9190,9100,40,19100,40,61,40,1828417,8923,36.5,1354905,42.66475222,41.62892105
HAB,,,132000,5,132000,55,,,0,125000,1,178000,8,,,0,53396.46094,,,0,,,0,110000,5,110000,56,20,15000,20,53396.46094,,,0,,,0,110000,7,110000,25,,,0,132000,132916.6667
HAL,,,269,1415,269,108109,391,251,13535,289,4273,289,85069,60,264,10798,220,641,225,1989,500,151,500,274.6600037,179,279,136965,1000,251,19304,300,150,269,150,,,0,235,2046,270,28318,1504,235,12363,268.0801582,248.485531
HCB,,,3300000,1,3280000,5,1,2500000,11,3790000,1,3800000,2,,,0,1697969.375,,,0,,,0,2900000,1,2900000,6,,,0,1697969.375,,,0,,,0,2500000,1,3890000,2,,,0,3477083.335,3657893.518
HCC,,,740,1000,739,8198,500,675,13140,800,2420,800,2420,327,675,6472,640,,,0,,,0,740,300,737,5459,582,650,5498,620,100,800,100,,,0,700,324,799,1799,970,700,4970,733.095,747.5638606
HCP,88,,340,16,377,66383,6970,340,7070,365,792,370,27772,1357,365,7842,350,,,0,50,250,50,432,197,432,14874,268,410,7272,250,,,0,1000,300,1000,329.5700073,320,320,42915,4887,300,23487,368.3830271,390.1539034
HD,,,2700,200,2650,3869,10,2300,100,2650,25,2650,2255,1,2100,11,1598.290039,50,4000,50,,,0,2500,2707,2800,5717,200,2000,200,1598.290039,30,2800,30,,,0,2790,117,2790,2399,100,2500,100,2700,2747.888276
HE,75,,110,2992,110,54200,2000,104,12520,106,1166,106,62683,11,105,8932,200,278,350,278,100,125,100,88.5,257,88.5,278359,11768,85,131868,135,790,65,5170,,,0,127,202,127,96134,20,100,10240,108.0496175,106.3513403
HE3,,,680,310,700,7290,1000,300,18748,461,500,885,10825,2986,461,8331,400,,,0,,,0,840,170,840,13500,12,500,15062,460,20,942,20,1000,220,1000,277,100,800,2090,1000,276,4739,589.6463956,778.3435539
HER,,,2630,30,2620,11380,920,2100,2513,2400,100,2490,5462,500,2300,2511,2000,,,0,,,0,2340,40,2340,24334,5,2200,3955,3250,350,2400,350,200,1750,200,1876.77002,40,2400,15336,300,1910,5699,2814.375447,2884.555646
HEX,,,2000,13444,2000,20668,10,1000,10,2000,7156,2000,7199,10,1000,10,41.13999939,,,0,,,0,2000,3487,2000,3487,10,1000,10,41.13999939,,,0,,,0,41.13999939,1771,2000,1771,10,1000,40,2000,2000
HHP,,,6000,,,0,5,5000,5,3000,,,0,,,0,3363.27002,,,0,,,0,250,38,5000,38,,,0,3363.27002,,,0,,,0,3363.27002,,,0,,,0,6000,6000
HMS,,,2074.409912,251,2080,3118,20,1860,1100,1990,93,2000,5142,298,1760,1444,1950,1158,1950,1753,,,0,2160,336,2160,4831,400,1700,3317,2000,1,2000,531,,,0,2130,259,2130,9412,50,1750,1810,2081.685059,2126.515589
HNZ,,,75000,,,0,,,0,99120.10156,,,0,,,0,99120.10156,,,0,,,0,99120.10156,,,0,,,0,99120.10156,,,0,,,0,99120.10156,,,0,,,0,75000,75000
HOG,,,7400,10,7400,15,30,6010,120,8000,85,8000,99,5,4500,5,3903.23999,,,0,,,0,6500,10,6500,10,,,0,3903.23999,10,6500,10,,,0,10000,38,10000,38,,,0,7400,7399.562623
HOP,,,4000,496,4000,496,10,2600,1385,2867.280029,100,3160,161,900,2260,3757,2200,80,2400,80,,,0,3370,81,3350,1439,500,2800,4028,819.7399902,,,0,,,0,3106.030029,126,3430,2491,500,2710,2166,2732.395777,2838.518674
HPC,,,25000,10,28000,30,10,23000,10,28000,20,28000,84,,,0,13081.34961,,,0,,,0,28000,1,28000,21,20,25000,61,13081.34961,2,28000,2,,,0,24900,,,0,,,0,25000,24227.08333
HPR,,,800000,3,800000,7,,,0,800000,3,800000,6,,,0,1750000,,,0,,,0,800000,2,790000,10,,,0,728695.4375,,,0,,,0,800000,1,800000,5,,,0,800000,800000
HSE,,,15000,27,15000,763,1,13100,744,15400,100,15300,140,20,13500,118,10000,400,12000,404,,,0,14400,63,14400,7573,66,11900,574,11000,5,11000,25,30,5000,30,12000,243,12000,737,24,11300,390,15093.44302,15302.27607
HSS,,,3390,247,3390,3401,70,1910,698,2380,216,2380,2607,181,1840,236,2000,100,2100,1100,,,0,2440,23,2440,4050,200,2200,1658,2000,20,2400,290,,,0,2640,35,2640,3122,20,2000,434,3391.97,2666.392051
HTE,,,3500000,1,3500000,1,,,0,3250000,3,3500000,3,,,0,1697055.625,,,0,,,0,3700000,1,2980000,2,,,0,1697055.625,,,0,,,0,4000000,,,0,,,0,3500000,3500000
HYR,,,1700000,1,1750000,4,,,0,1750000,3,1750000,6,,,0,1389100.25,,,0,,,0,1750000,1,1750000,6,,,0,1389100.25,,,0,,,0,1750000,1,1750000,6,1,1,1,1723958.33,1723750
I,,,1430,278,1430,7964,1733,858,1809,800,11,1080,676,43,800,3839,1500,,,0,,,0,941.9299927,25,1410,5414,300,969,3646,300,20,1110,20,,,0,600,150,965,1608,19,600,984,1285.635399,1092.969622
IDC,11000,,11000,990,11100,2245,100,11000,100,11000,499,11100,532,100,11000,100,10313.05957,,,0,,,0,11100,100,12100,434,1842,11100,1942,10313.05957,10,15400,10,,,0,11000,26,11100,26,100,11000,100,11026.62707,11009.5575
IMM,,,110000,1,110000,10,10,100000,10,68600,,,0,,,0,68180.15625,,,0,,,0,120000,1,120000,3,1,110000,9,68180.15625,,,0,,,0,68180.15625,,,0,,,0,110000,110000
IND,,,5500,2,5500,820,100,4310,500,5700,24,5600,204,150,4000,613,1977.280029,,,0,,,0,5090,181,5090,881,51,4260,616,1977.280029,,,0,,,0,4450,14,5450,126,20,2300,292,5367.821186,4820.569482
INS,,,185,30398,185,295217,500,170,204807,194,43235,194,95146,10,175,134768,150,4000,160,23388,,,0,200,1663,200,71783,6000,170,129716,170,4050,170,4229,,,0,166,6000,192,70336,350,165,161348,179.3655355,178.5245548
JUI,,,1,1,98000,2,,,0,1,29,100000,309,,,0,1098.26001,280,100000,280,,,0,1,1,99000,1,1,1,1,1098.26001,,,0,,,0,30000,119,30000,122,,,0,1,1
KOM,,,868,3,868,19127,95,820,8347,871.3099976,486,872,20015,565,787,8221,999,292,999,14279,500,750,500,810,2269,810,45885,200,756,17508,1000,4979,1000,9979,50,600,50,778,36,778,32276,20,681,16366,866.2008826,840.8698192
KV,,,27000,50,28500,420,200,27000,785,29800,100,34000,100,100,23400,246,2000,,,0,,,0,31400,83,31400,923,42,27100,503,13533.45996,10,34000,10,,,0,35900,84,31900,308,50,25100,422,28013.72429,30587.59202
LBH,,,5890,80,5890,5174,30,4810,3318,5660,48,5650,1614,2,5020,728,4500,,,0,,,0,5640,2,5640,2194,88,4800,1344,3400,200,6500,300,30,4900,30,6540,122,6540,1331,50,4400,560,5694.177997,6078.779637
LC,,,5000,131,5000,1301,99,3010,99,4156.660156,6,4890,2158,100,3000,100,3176.939941,24,9000,64,,,0,4970,72,4870,5505,100,4310,355,3176.939941,10,5000,95,,,0,5310,82,5310,3649,100,4610,122,4153.763922,4903.162896
LCB,,,620000,1,689000,4,1,500000,7,849000,1,730000,4,1,450000,1,330133.8438,,,0,,,0,670000,1,739000,9,1,300000,2,330133.8438,,,0,,,0,800000,1,800000,1,1,741000,1,668125,670245.3112
LCR,,,1800,31,5400,80,18,1800,124,4800,15,4800,15,10,1800,10,2948.300049,,,0,,,0,4000,373,4000,393,20,1800,20,2948.300049,,,0,,,0,3000,2,3500,2,10,1800,10,1730.921053,1964.108911
LD,,,11700,37,11700,363,60,11000,730,10000,114,10000,564,40,7800,40,5092.5,,,0,,,0,10553.84961,50,11500,190,14,10400,264,5092.5,,,0,,,0,9990,1,12000,1,,,0,11329.47407,11409.09085
LDE,,,10132.13965,3,10200,2398,4,9650,1521,9990,55,9990,431,6,9850,412,10000,2,10000,2,,,0,9890,31,9900,2389,200,9700,2597,9200.030273,98,11400,298,10,6500,10,11400,84,11400,1685,18,9010,794,10258.4272,11069.45573
LDI,,,695,462,695,1127,,,0,699,36,500,3678,1,325,1,282.5799866,,,0,,,0,729,2009,729,7707,500,550,1300,375,20,740,20,,,0,678,1069,678,1369,,,0,695,674.8107143
LES,,,1850,150,1850,2512,1000,901,3212,1133.52002,3,1180,411,1000,901,1585,228.5700073,50,1500,150,,,0,1190,505,1190,7779,500,910,1579,228.5700073,,,0,,,0,1500,260,1430,646,1000,900,1000,900,1472.426917
LFE,,,150000,1,160000,2,13,150000,13,174416.6719,4,174000,26,2,149000,2,75255.75,,,0,,,0,180000,6,180000,7,1,150000,4,75255.75,,,0,,,0,180000,4,180000,25,2,2,2,161977.9145,166070.7035
LFL,,,478000,1,477000,5,1,250000,1,439000,11,436000,14,1,300000,3,122472.0781,,,0,,,0,380000,2,390000,11,1,250000,1,122472.0781,,,0,,,0,447000,1,446000,3,1,250000,1,478000,478000
LFP,,,3500,2,15000,2,13,3500,33,9000,22,9000,81,18,3000,18,7366.350098,,,0,,,0,9000,,,0,,,0,7366.350098,,,0,,,0,7000,,,0,,,0,3500,3500
LHP,,,4490,20,4480,4015,500,3500,4959,4327.97998,164,4570,812,160,2810,333,3600,74,3600,1025,,,0,4550,46,4500,4112,50,3900,2026,2500,20,4210,20,,,0,3780.899902,276,3830,1149,86,3600,1392,4240.047065,4584.044865
LI,,,1990,1103,2000,7518,100,1800,6824,1977.01001,73,2070,4413,120,1810,3472,1200,,,0,,,0,2142.330078,405,2500,1405,240,1960,3948,472.2900085,100,2190,100,,,0,1630.189941,200,1700,4842,1000,1620,4268,1827.024171,1841.500361
LIO,,,430,462,425,23000,3500,380,10591,589,288,589,770,10,400,2947,200,,,0,,,0,301,727,375,8791,300,301,16305,68.56999969,10,68.59999847,10,,,0,369,12880,375,18006,42,350,1477,388.3378349,388.8074031
LIS,450000,,450458.3438,3,475000,5,5,451000,105,475000,2,475000,9,5,451000,107,255694.2188,,,0,,,0,451000,5,470000,17,2,451000,104,255694.2188,,,0,,,0,450000,3,470000,3,100,450000,104,496875,466517.8586
LIT,,,16000,2,18000,292,,,0,19900,237,19900,725,,,0,13529.11035,,,0,,,0,18900,23,18800,263,,,0,13529.11035,,,0,,,0,14500,100,19600,1834,,,0,16000,16000
LOG,68000,,68100,41,68100,107,100,68000,120,68053.3125,15,68100,79,100,68000,107,65000,,,0,,,0,68100,22,69000,382,681,68100,781,28013.40039,1,69700,1,,,0,68100,45,68100,69,100,68000,122,68550.54165,68119.31417
LSE,,,9390,85,9390,1254,23,9110,1595,9824.339844,22,9980,1112,4,8700,958,9000,25,10000,81,,,0,9980,78,9980,3586,100,8830,2146,10300,191,10300,295,30,8000,30,8000,19,9990,2254,192,8000,408,9690.447814,10182.00825
LSL,,,415000,,,0,,,0,300000,2,500000,4,,,0,204785.0469,,,0,,,0,410000,1,430000,8,,,0,204785.0469,,,0,,,0,500000,,,0,,,0,415000,415000
LST,,,140,958,150,21183,753,140,56049,80.08000183,437,80,24221,65,75.09999847,72091,120,183,150,183,,,0,126,691,126,72391,3956,125,32678,100,13,110,1736,2059,100,2059,180,150,175,11017,50,150,33944,152.8021855,171.0375131
LTA,,,3700,241,3700,2531,4,3600,1301,3800,6,3800,1629,4,2860,1356,3500,18,3800,218,,,0,4220,3,4220,1927,88,3900,1294,3800,196,3800,250,30,3000,30,3810,37,3810,1653,2,3420,706,3790.799631,3962.523003
LU,,,100000,5,139000,16,,,0,80000,,,0,,,0,62066.01953,,,0,,,0,120000,7,120000,7,13,90100,52,62066.01953,,,0,,,0,140000,,,0,,,0,100000,100000
MAG,,,550,9,798,4834,80,550,1233,294,10,294,732,12,100,212,117.5500031,14,300,14,,,0,250,239,300,2557,90,250,2310,117.5500031,10,350,10,,,0,87,20,399,90,100,87,100,550,607.29
MAI,86,,350,4110,389,43376,672,350,12142,320,10,330,15594,2397,320,7589,400,,,0,20,150,20,407,252,406,26976,146,401,8990,375,,,0,999,300,999,300,7041,330,34461,2899,300,8787,369.389494,380.8208963
MB,,,8900,50,8750,271,200,7500,983,8990,48,8990,200,200,7800,282,8000,,,0,,,0,7700,2,8100,854,168,7700,942,3403.679932,10,8400,10,,,0,8000,6,9000,6,74,8000,74,8901.665,7880.880772
MCB,,,350000,1,350000,2,,,0,400000,,,0,,,0,166644.3281,,,0,1,175000,1,340000,2,339000,7,,,0,166644.3281,,,0,,,0,350000,,,0,1,350000,1,350000,350000
MCG,12,36,35.90000153,712,35.90000153,60699,1576,34.20000076,340195,35.59999847,2250,35.59999847,175875,1465,32,146950,36,2000,36,2900,1000,20,1100,34.20000076,484,35,104628,1314,34.20000076,172976,35.90000153,4178,35.90000153,4178,3787,25,3787,35.5,670,35.5,42917,200,35,58304,35.76559723,35.49275438
MEA,,,3631.780029,150,3690,14626,45,3250,2932,3400,915,3400,7866,300,3170,1832,5000,50,4000,70,,,0,3600,1172,3600,32543,974,3100,3441,5000,20,3900,20,,,0,3250,15,3250,13776,66,3200,2906,3429.722859,3498.069324
MED,,,1440,1944,1440,9779,20,1340,17661,1340,34,1340,8624,900,1230,5606,2000,,,0,,,0,1390,928,1390,8670,11,1320,7527,1000,50,1400,768,45,1000,45,1330,205,1340,10184,1000,1180,4329,1446.791874,1322.291409
MFE,,,91278.96094,2,91900,40,1,70000,1,91000,1,91000,52,4,80000,8,43953.23047,,,0,,,0,90568.20313,6,91900,111,2,80000,6,43953.23047,,,0,,,0,91900,1,91900,84,2,2,2,90921.10778,90646.44361
MFK,,,274,700,274,18998,500,246,18487,270,56,270,3303,24,236,5918,220,,,0,1,22,1,225,1584,261,167630,6348,225,8117,200,73,200,951,,,0,274,3939,274,7236,64,255,6228,272.7383615,257.5839918
MFL,,,248000,1,249000,8,,,0,179000,1,179000,5,,,0,61608.85156,,,0,,,0,200000,1,200000,14,,,0,61608.85156,,,0,,,0,249000,1,249000,4,2,211000,2,244750,235723.9583
MG,,,104,421,104,66852,4928,88,47844,130,2463,130,21491,250,83.19999695,80638,60,,,0,,,0,112,15,112,133038,500,90.09999847,87504,85,1000,100,1000,2543,85,2543,110,928,110,27561,600,103,9138,106.0022415,106.9159496
MGC,,,35000,6,15900,138,,,0,14000,26,14000,34,,,0,8497.379883,,,0,,,0,17000,20,17000,119,,,0,8497.379883,27,20000,27,,,0,14000,11,14000,30,,,0,35000,35000
MGS,,,154,400,240,48225,522,154,8896,325,236,345,743,1000,110,4870,130,1463,130,14355,,,0,399,1470,399,4285,1967,213,14625,90,150,100,963,,,0,257.6499939,27,275,2857,1236,131,2256,203.5855233,272.3196847
MHL,,,5010,200,5500,1151,35,4820,1777,5520,60,6000,1929,389,4000,794,2700,,,0,,,0,6080,149,7980,7586,200,5600,1920,3000,1,4900,54,,,0,4975.600098,209,5900,1145,238,3700,294,7767.738267,5014.078202
MHP,,,4994.25,9,4990,609,500,4000,715,4300,42,4300,42,10,1000,10,2091.98999,100,4200,1916,,,0,5000,70,5000,170,,,0,2091.98999,10,5000,110,,,0,5000,,,0,80,3000,80,4451.611562,4434.234889
MLI,,,24000,,,0,59,24000,593,22000,,,0,11,20900,65,10185,,,0,,,0,31780.42969,1,34100,11,92,23000,483,10185,,,0,,,0,22000,,,0,,,0,23541.66792,23119.11649
MPC,,,2015.849976,20,2090,774,1000,1800,1353,1964.579956,175,2500,1175,1,1600,851,655.6900024,,,0,,,0,2000,100,2400,1546,100,1950,1320,400,10,2600,10,,,0,2640,776,2210,776,100,2000,100,2035.406355,2209.68862
MSL,,,190000,1,189000,13,1,160000,4,220000,1,219000,3,1,159000,2,82878.25781,,,0,1,90000,1,186210.3594,1,194000,14,1,170000,3,82878.25781,,,0,,,0,197500,1,240000,1,,,0,189151.0425,186239.5838
MTC,,,1000,1000,2500,1002,,,0,2000,,,0,,,0,446.2900085,,,0,,,0,150,100,3000,290,30,0.5,30,446.2900085,,,0,,,0,400,,,0,,,0,1052.08,945.9853659
MTP,,,1800,1000,1900,7848,30,1600,50,1800,240,1770,10257,,,0,3000,,,0,,,0,2000,990,2000,14876,868,1670,1868,1019.340027,,,0,,,0,1750,100,1700,7683,1,1190,1,1821.273091,1828.274485
MUS,,,336,3193,350,12380,4,336,3880,300,2874,330,14011,427,300,17648,170.3500061,,,0,,,0,389,10000,390,25307,1000,312,19999,170.3500061,,,0,,,0,310,3835,340,18199,6657,310,15534,341.98275,339.3255552
MWF,,,300,735,462,24515,,,0,350,100,400,1007,90,350,466,300,,,0,,,0,350,416,350,2253,50,250,4298,186.9799957,100,410,100,,,0,350,2,500,4027,100,30,100,362.05,468.1879873
N,,,124,3117,125,177183,218013,124,329339,115,11932,115,62329,600,86.09999847,49652,130,413,130,413,1000,100,1500,95,14400,98.19999695,170423,250,90.09999847,49705,97,107,97,107,1000,90,1000,120,1600,120,61974,200,118,30352,124.689227,129.0663877
NA,25,,25,3428,25.10000038,319107,100,25,100,25,4069,25.10000038,18774,100,25,100,25.10000038,500,25.10000038,1000,412,1.100000024,5546,25.10000038,17458,25.10000038,105756,100,25,100,1,42,16,2441,4871,1,4871,25,53173,25.10000038,100435,100,25,100,25.02513323,25.01380829
NAB,,,140,,,0,1500,120,3000,149,830,149,830,25000,100,25060,150,62,150,62,,,0,119.8600006,116,119,16704,500,100,13481,70,980,140,980,180,70,180,120,,,0,732,120,732,139.0347195,139.1808202
NCS,,,41.79999924,9994,41.79999924,309410,7510,40,47510,40.43999863,14375,40.5,104452,10000,36,15798,90,992,90,1992,,,0,35,1480,39,936393,13103,35,151439,16.78000069,3500,50,3500,,,0,39.79000092,10294,40,169393,7000,34,33592,40.84144498,39.80426382
NE,150,,298,2820,298,97038,8,223,8708,300,1618,300,1618,5,272,11155,300,,,0,,,0,270,1346,270,17218,5000,245,12350,300,148,300,148,,,0,210,7067,210,96798,5000,201,9988,298,298.0349741
NF,,,12000,1,12000,1,1,10800,1,10400,,,0,23,10400,23,5092.5,,,0,,,0,10400,1,14800,4,24,10400,69,5092.5,,,0,,,0,8000,,,0,,,0,10800,10583.33333
NFI,,,16.29999924,36450,16.29999924,237223,44343,14,164343,7.699999809,6000,15,19626,,,0,20,1000,15,2000,1000,8,1000,18,12,17.89999962,251343,24000,15.69999981,196920,18,9000,18,19000,1200,10,1200,15.5,50309,17.20000076,142542,9809,15.5,9809,15.93697003,16.84416979
NG,,,800,141,800,5300,200,610,1970,950,105,950,2953,400,650,400,950,100,1300,100,,,0,1070,20,1000,3629,1008,880,2233,780.8099976,50,930,50,,,0,1000,151,1000,1483,200,655,1652,654.164992,833.8512378
NL,,,5252.319824,12,5490,3107,10,5100,1274,5840,19,5840,1661,150,4580,1530,5000,,,0,,,0,6630,25,6630,4342,1,5400,2357,5000,10,5960,10,,,0,5015.120117,65,5900,959,200,4450,2600,5422.137464,5366.329059
NN,,,59000,25,59000,99,93,57000,529,56000,2,56000,23,4,50000,104,30000,,,0,,,0,60000,4,60000,6,100,56000,350,29292.80078,,,0,,,0,50000,,,0,,,0,56295.1375,56465.22024
NOZ,,,16000,,,0,50,10000,50,20000,,,0,,,0,43539.53125,,,0,,,0,40000,,,0,100,10000,100,43539.53125,,,0,,,0,43539.53125,,,0,,,0,16000,16000
NR,,,348,8424,375,104744,5000,349,24473,310,70234,360,76160,3000,309,18874,350,500,600,500,,,0,361,15000,360,214059,3000,334,24300,197.2100067,,,0,,,0,324.6099854,2000,378,19200,1500,303,23500,356.7501358,356.5064538
NS,,,317.6600037,335,320,46428,1000,290,14941,324,815,324,22257,440,265,29414,250,,,0,,,0,305,32,349,45651,672,305,20516,275,300,342,1300,,,0,350,5000,340,26019,100,300,4998,343.4947022,337.3483883
NST,,,1790,1073,1790,3764,204,1200,204,1690,162,1690,569,300,1210,468,1200,16,2500,16,,,0,1580,292,1580,3400,300,1240,1183,1339.130005,10,1570,212,,,0,1433.839966,28,1470,832,100,1300,420,1789.639568,1712.035445
NUT,88,,337,63,348,4647,46,337,2197,300,160,350,4517,7829,300,20153,250,10,300,10,,,0,380,167,398,9048,9313,380,27021,151.7100067,,,0,1000,275,1000,220,1000,290,13326,9838,220,15455,334.3322065,364.0175584
NV1,135000,,137000,1,140000,19,1,136000,101,136000,1,140000,11,1,136000,101,93389.10938,,,0,,,0,135000,1,140000,7,100,135000,100,93389.10938,,,0,,,0,135000,32,136000,40,100,135000,100,137000,137905.385
NV2,,,249000,4,249000,31,1,205000,101,200403.1719,1,350000,2,1,201000,101,129928.8828,,,0,,,0,200000,17,250000,30,10,201000,110,129928.8828,,,0,,,0,200000,10,375000,11,100,200000,100,249000,216918.334
O,32,,93,3703,93,255065,367,86,87100,97.40000153,41,97.40000153,41434,550,70.09999847,39932,100,1117,100,2287,3802,83,5802,85.06999969,30,89.40000153,499231,1000,82.09999847,52252,75,200,85,11170,2037,75,2037,92.80000305,80,92.80000305,228769,156,84.5,55516,91.51624852,83.56397483
OFF,,,95,11348,95,56710,1000,90.19999695,34230,88.80000305,1750,94,17244,1000,76,10580,120,,,0,,,0,90.90000153,600,90,65389,40,85,25331,100,350,90,1700,,,0,90,43381,90,92551,4900,75.19999695,38476,98.18316801,88.39714119
OLF,,,1492.25,750,2500,750,500,1200,3866,1000,296,2000,296,1000,1200,1000,949.4799805,,,0,,,0,2000,70,2000,70,500,1100,994,949.4799805,,,0,,,0,1100,,,0,493,1100,1025,1345.205,1246.270936
OS,,,45625,1,46900,500,10,44000,22,50000,10,45000,31,1,42000,1,45000,,,0,,,0,45000,3,45000,227,5,41000,25,30207.76953,,,0,,,0,55000,,,0,,,0,45054.16667,45178.22581
OVE,40,153,148,10471,148,26488,17,130,21173,140,144,140,24833,200,132,90465,125,4985,125,4985,6,110,1254,152,311,152,5411,950,146,38050,130,400,130,8932,100,120,100,150,7517,150,8931,730,105,46626,148.7633199,150.2982098
PBU,,,17500,43,17500,143,20,17000,105,17700,2,17700,211,25,17000,80,8070.330078,,,0,,,0,20000,18,18300,283,16,17500,106,8070.330078,,,0,5,10000,5,16066.54004,39,17500,186,20,15500,30,17500,17495.98701
PCB,,,2700,25,2740,3683,90,2700,6138,2647.040039,15,2700,1916,1000,2500,4078,2300,,,0,,,0,3122.459961,250,3200,2179,300,2710,3831,801.710022,30,3390,30,,,0,3830,90,2990,3121,40,2600,1271,2731.991041,2832.230429
PDA,,,2350,324,2350,4080,100,2200,100,2590,13,2590,1721,1,2000,103,3000,62,3000,62,50,2200,50,2340,90,2340,3861,100,2000,500,6000,50,2400,359,,,0,2590,112,2590,1317,100,2000,200,2350,2345.89392
PE,,,12.10000038,48233,12.10000038,808833,100000,10.19999981,399500,9.960000038,800,10,1397596,7823,9.75,1716039,12,7616,12,10898,,,0,10.05000019,100000,11.19999981,4097404,100000,10.10000038,2642239,8.5,6000,10.5,22700,,,0,10.5,17399,10.5,1520587,26404,9.020000458,458551,11.41221832,10.62990983
PFE,,,899.7800293,2860,900,3700,287,440,3927,997,20,989,819,940,445,940,700,500,800,1000,,,0,899,109,1090,3588,,,0,500,20,899,20,309,500,309,660,,,0,40,660,3900,892.85125,886.7678723
PG,,,47.90000153,80934,47.90000153,2072772,2000,45,279260,50,10000,48.20000076,162973,1000,43.59999847,129220,55,4082,55,4082,,,0,47.09999847,15479,47.09999847,637332,1500,44.29999924,705921,45,1650,40,1663,,,0,39,8900,41,209668,10000,38.90000153,163445,47.53028502,46.96347453
PIB,,,700,1774,700,2274,80,400,85,700,503,700,703,5,500,429,548.4000244,2000,700,2000,,,0,977.3400269,2090,700,2847,100,150,100,548.4000244,,,0,,,0,669,35,669,1577,50,100,50,700,686.9029045
PK,,,450,70,475,2318,1750,450,1750,999,435,999,1789,,,0,832.2700195,,,0,,,0,1000,500,600,933,1000,450,1000,832.2700195,,,0,,,0,1000,80,1750,318,,,0,470.31,538.4671429
POW,6000,,13100,260,13300,574,176,13100,709,13000,350,13000,350,10,9000,210,9500,,,0,,,0,13930,155,14000,355,200,13100,1001,2358.169922,10,15400,10,,,0,14000,17,14000,17,90,10100,211,13216.56431,12881.2778
PPA,,,350,268,380,961,203,350,10027,299,268,299,1063,,,0,300,,,0,,,0,339.9599915,812,380,8852,650,300,1459,100,,,0,1000,220,1000,190,180,300,888,2513,190,2513,355.0639768,378.7190238
PSH,,,8000,35,10000,4563,4,8000,1104,8000,73,8000,287,,,0,3810.209961,,,0,,,0,8900,46,8900,10073,200,7000,200,3810.209961,32,13000,32,,,0,9500,36,9500,65,499,7000,499,8000,7492.356982
PSL,,,3980,13,3980,2171,12,3760,647,5000,176,5000,576,24,4500,501,4500,,,0,,,0,4056.370117,77,4060,4265,12,3920,2090,4000,20,4130,120,,,0,4090,14,4090,1222,24,3500,450,3953.820911,3920.157481
PSM,,,2490,76,2490,2358,200,2320,2428,2633.100098,17,2700,1427,56,2380,128,2500,,,0,,,0,2418.72998,86,2490,3991,63,2300,1266,1299.199951,35,3000,35,,,0,2990,100,2880,458,200,1220,300,2430.572484,2238.734508
PSS,,,1100,200,1200,4156,80,1100,1909,1367.369995,136,1390,161,251,1020,1245,450,,,0,,,0,1250,300,1250,7465,8,1210,1904,649.5999756,100,1600,100,,,0,1390,120,1380,816,1000,1000,1549,1132.813642,1132.636429
PT,,,540,799,540,13663,250,475,2300,498,1,497,8374,16,490,5136,480,1498,480,2419,,,0,497,214,497,36162,150,457,6279,450,57,450,697,,,0,467.269989,278,490,38084,1000,435,9261,550.2181603,555.104715
PWO,,,353,4160,353,26832,25,328,4758,377,56,377,5204,10,330,8178,290,696,290,4876,,,0,420,1051,420,5551,170,402,10151,360,1200,350,5368,50,300,150,340,106,340,10869,200,318,30435,350.0786185,356.4856731
QCR,,,1340000,3,1300000,8,1,700000,1,1000000,1,1500000,1,1,750000,1,850000,,,0,,,0,1200000,1,1200000,4,1,750000,1,363299.75,,,0,,,0,1300000,1,1300000,2,1,500000,1,1286875,1278541.666
RAD,,,16000,50,25000,50,17,16000,598,16500,60,16500,60,25,14100,56,3698.620117,,,0,,,0,15000,350,16700,850,25,14100,341,3698.620117,10,14500,10,,,0,13000,64,19000,64,,,0,15166.67,15141.97815
RAG,,,550000,1,550000,3,,,0,600000,,,0,,,0,258128.5156,,,0,,,0,658753,1,750000,1,1,500000,1,258128.5156,,,0,,,0,580000,,,0,,,0,550000,550000
RAM,,,3390,12,3380,1436,82,2500,582,2500,6,2700,730,1,2000,21,1237.089966,,,0,,,0,2550,64,2900,1349,100,2550,400,1600,10,3000,10,,,0,2890,578,2890,1190,,,0,3390,3188.714286
RAT,32,166,166,100,166,7133,21520,161,350787,160,600,159,94383,15,158,391258,166,3938,166,3938,9990,145,15091,160,104,160,186364,20,156,614698,159,3978,159,10177,1716,145,4675,155,705,155,622812,185968,153,750835,165.0812178,165.0100958
RBH,,,14535,520,16000,1896,481,14500,1731,17800,10,17800,388,3,16500,458,19500,1,19500,11,,,0,17500,427,17500,2055,25,16000,1228,7924.009766,40,25000,40,,,0,21000,26,20900,704,500,14500,700,18543.11522,20136.65156
RCO,400,,1100,130,1180,9734,388,1100,1756,1210,249,1300,2264,14,1210,3761,600,,,0,,,0,1530,53,1530,4769,8,1200,2278,1400,54,1400,87,967,900,967,1160,14,1500,308,410,1160,2731,1199.235018,1329.975538
RCS,,,176868.2031,12,180000,12,1,120000,1,400000,1,400000,1,,,0,93545.60156,,,0,,,0,180000,,,0,,,0,93545.60156,,,0,,,0,210000,,,0,,,0,177763.078,181961.4373
RCT,,,1300000,,,0,,,0,1300000,,,0,1,750000,4,1000000,,,0,,,0,1000000,1,1100000,1,,,0,354702.8125,,,0,,,0,1400000,,,0,1,1000000,1,1228125,1220833.333
RDE,,,36770.82813,29,37500,29,22,28500,672,32000,24,32000,85,6,27000,256,32500,2,27000,22,,,0,31200,162,31200,560,56,27100,705,14309.62988,40,35000,40,,,0,35000,20,38000,20,12,28000,323,30471.07776,28427.61318
RDL,,,800000,,,0,1,800000,6,800000,,,0,1,800000,1,378604.3125,,,0,,,0,800000,,,0,1,800000,1,378604.3125,,,0,,,0,610000,,,0,,,0,800000,839322.9163
RDS,,,310000,,,0,,,0,310000,,,0,,,0,207901.1563,,,0,,,0,300000,,,0,1,350000,1,207901.1563,,,0,,,0,310000,,,0,,,0,310000,310000
REA,,,650,200,630,27975,1000,571,8272,667.5,427,850,4420,2000,575,3610,500,100,1000,117,14,500,14,793,498,750,8933,590,650,14524,300,,,0,,,0,599,646,579,11173,500,552,1852,624.2450799,616.4867776
RED,,,60000,8,70000,8,100,60000,100,60000,5,70000,5,100,60000,100,22634.32031,,,0,,,0,61000,9,61000,56,100,60000,100,22634.32031,,,0,,,0,60000,,,0,100,60000,100,60347.22208,60008.11425
REP,,,749,741,749,18160,200,730,7033,699,136,699,9906,3,612,972,700,10,690,1046,,,0,733,254,733,23084,1,712,6966,800,230,800,1230,50,600,50,749,334,749,15136,39,558,1122,747.3598251,742.4106869
RG,,,1272.650024,892,1300,2870,432,1200,5982,1020,164,1020,2935,40,780,1589,1200,,,0,,,0,1150,120,1150,25869,500,950,8000,816.0700073,10,900,10,,,0,1000,1383,1000,10496,500,900,700,1268.623382,1229.38316
RGO,,,2500,5,2490,92,315,1800,405,2390,70,2400,70,210,1220,1834,794.6500244,,,0,,,0,1800,7,2300,3136,95,1800,95,794.6500244,,,0,,,0,1990,61,2000,63,90,1000,90,2500,2080.779839
RHP,,,3400,1595,3400,2037,50,2500,5041,4670,27,4670,224,,,0,2691.98999,,,0,,,0,5000,20,4990,36,,,0,2691.98999,,,0,,,0,4990,40,4990,120,,,0,3400,3398.156066
ROM,,,4050,37,4050,1517,70,3920,507,4000,100,4500,600,10,4000,110,1901.540039,,,0,,,0,4026.179932,213,4190,2549,100,3800,600,1901.540039,10,4500,40,,,0,5000,500,4000,500,,,0,4017.211954,4227.892739
RSE,,,23400,7,23400,695,40,22100,821,24700,50,24900,661,50,22500,405,25000,2,25000,12,,,0,22100,44,25900,1002,300,22200,1164,11854.50977,20,29000,69,,,0,24300,7,24300,287,50,21800,518,25042.96456,26500.04444
RSH,,,25000,100,37900,1852,363,25000,363,25000,5,27500,30,58,25000,58,17252.7207,,,0,,,0,25000,20,40000,4020,10,24500,10,17252.7207,38,40000,38,,,0,43000,18,39000,48,,,0,25000,25000
RSI,,,1200,23,1200,1555,20,600,157,900,245,900,824,10,805,36,681.4400024,,,0,,,0,1100,421,1100,6425,500,500,500,681.4400024,,,0,,,0,1000,385,1000,981,,,0,1200,1200
RTA,,,16800,103,16800,294,400,12500,534,16900,89,16900,405,100,10000,124,17300,4,17300,4,,,0,15000,109,16500,932,80,13300,25589,8976.769531,40,20000,40,,,0,16000,13,16000,93,14,14000,289,14571.14193,15332.41116
S,,,192,831,192,11240,59,176,1199,199,6,199,6436,400,106,2762,250,200,280,200,,,0,172,97,172,35643,136,131,6070,85.83999634,10,140,30,,,0,137.1000061,1126,147,7128,273,120,3733,187.0244997,186.6174023
SA,,,7200,,,0,26,7200,99,5600,1,7250,49,1,2900,1,3395,,,0,,,0,7800,5,7800,47,,,0,3395,,,0,,,0,10000,3,12500,3,,,0,7200,7477.293333
SAL,,,8200,14,8750,639,20,8200,586,7500,128,9800,300,10,7000,69,3395,,,0,,,0,9250,10,10000,113,15,9250,313,3395,,,0,,,0,6000,,,0,,,0,8387.609435,9119.432019
SAR,,,33500,10,33000,1410,30,31100,261,31500,250,33400,429,100,31000,241,9548.709961,,,0,,,0,33887.5,24,33000,366,30,31100,334,9548.709961,10,34000,10,,,0,35354.48828,54,36000,64,20,25000,30,33700.00184,33661.9155
SBU,,,31500,47,31500,147,2,31000,6,31500,25,31500,202,6,26000,6,14796.61035,,,0,,,0,31207.06055,11,31300,162,50,29500,53,14796.61035,,,0,5,20000,5,29000,50,31500,100,,,0,31500,30710.34264
SC,,,840,995,840,8059,1644,304,1644,886,172,886,4890,10,762,1723,1410,96,1410,196,100,800,100,680,169,885,13065,232,680,2906,1250,1,900,276,,,0,950,398,950,4313,50,806,1348,839.8638571,917.2057121
SCB,,,150000,1,150000,7,,,0,120000,1,50000,6,,,0,54548.37891,,,0,,,0,93400,2,84900,13,,,0,54548.37891,,,0,,,0,100000,,,0,,,0,150000,150000
SCN,,,2400,175,2400,2153,5,2020,415,2450,1183,2450,3514,100,2210,996,2500,340,2500,2333,,,0,2380,24,2380,5551,921,1930,2547,3000,1,2000,309,,,0,2450,917,2450,3685,500,1960,1100,2378.392462,2436.104292
SCR,82,,215,1145,220,6869,200,110,2300,87.76000214,124,150,3910,200,85,715,100,,,0,,,0,82.09999847,14,144,3233,918,82.09999847,1018,150,15,144,15,,,0,99,100,199,726,235,99,335,213.44,204.5099552
SDR,100000,,100000,16,101000,26,100,100000,100,100000,,,0,100,100000,100,37279.75,,,0,,,0,100000,,,0,100,100000,100,37279.75,,,0,,,0,100000,19,110000,19,100,100000,100,100000,100000
SEA,,,144,300,155,132513,16,144,116355,158,1073,158,7938,685,145,126709,120,,,0,,,0,172,13511,172,30643,130,156,109286,150,5000,175,5000,,,0,172.0500031,729,180,54444,61,146,101551,150.7656448,156.0435286
SEN,,,775,1220,815,14856,1000,780,11709,680,240,760,8744,210,680,710,1300,,,0,50,610,100,818,150,818,17465,3180,775,9890,282.6400146,50,830,50,,,0,779,121,779,3774,800,690,1471,784.9725118,797.3670233
SEQ,,,17000,,,0,10,25000,394,20000,,,0,10,16000,30,8084.299805,,,0,,,0,19289.4707,,,0,5,17000,56,8084.299805,,,0,,,0,21000,,,0,10,16000,30,17000,16927.08333
SF,6,18,16,63733,16,1753696,300,15.39999962,1050913,14,1851,14,1211175,4300,13.39999962,1520813,16,9540,16,98249,10000,14,11000,15.39999962,20961,15.39999962,3751987,192534,14.69999981,246757,16.32999992,24789,16.5,48426,20000,8,29890,15.69999981,12055,15.89999962,1828702,30000,15.60000038,342416,15.69788171,15.99833421
SFE,,,62364.85938,1,61900,34,2,51000,2,58000,43,58000,48,6,52000,16,25126.78906,,,0,,,0,57600.57813,1,57800,129,4,51000,5,25126.78906,,,0,,,0,57900,3,57900,57,10,50000,12,62317.75857,60771.97873
SFK,,,110.7300034,672,140,24766,10000,100,26932,139,200,149,2200,1500,102,21593,75,,,0,,,0,139,29228,140,109380,1977,139,95495,50,75,50,307,,,0,140,11090,140,28074,9639,139,46798,139.6408484,169.9192309
SFL,,,79393.75781,1,79000,3,,,0,135000,1,137000,41,,,0,30779.71094,,,0,,,0,97830.99219,1,99000,5,,,0,30779.71094,,,0,,,0,147000,3,134000,16,,,0,79043.0675,79034.454
SI,,,1900,685,1900,18200,227,1750,2949,1800,65,1810,6054,977,1720,2316,2100,,,0,,,0,1845.199951,11,1840,17762,916,1730,6023,950,21,1500,121,,,0,1650,69,1990,5801,800,1650,3319,1803.344115,1828.084931
SIL,,,2840,95,2840,644,,,0,600,632,1970,1657,18,600,18,2262.060059,4,10000,4,,,0,3500,189,3340,1945,,,0,2262.060059,10,3500,14,,,0,1982.829956,430,2620,755,,,0,2840,2296.25
SIO,,,65,446,97,38121,4436,65,4536,114,117,114,29510,50,103,21692,100,99,140,99,,,0,135,919,135,50835,678,115,17322,130,,,0,143,130,273,114,2938,130,8064,625,113,15289,97.10140306,119.3734229
SNM,,,98656.14844,1,110000,7,10,95000,30,100000,,,0,7,100000,7,76472.27344,,,0,,,0,100000,,,0,6,100000,33,76472.27344,,,0,,,0,76472.27344,20,109000,29,10,100000,11,100514.59,100514.59
SOI,,,720,200,720,13499,106,550,1601,526.8699951,200,610,1162,249,500,249,450,,,0,,,0,480.3399963,166,500,17823,52,455,5998,450,48,750,48,,,0,419,540,419,3541,7204,400,7742,678.2538361,623.0348104
SOL,,,1250,2216,1250,2816,500,1100,3800,1200,1932,1200,2326,194,1000,219,445.8999939,,,0,,,0,1200,200,1400,1144,500,1110,2916,445.8999939,20,1200,20,,,0,700,150,1150,328,74,700,74,1250,1038.859328
SP,2500,,2500,3356,2510,27880,100,2500,100,2500,38,2730,4340,100,2500,100,2900,12,2900,190,,,0,2570,110,2570,69263,1664,2500,1774,1500,100,2560,100,,,0,2750,390,2750,12702,100,2500,100,2500.709041,2504.289741
SRD,,,70000,3,98000,51,100,70000,100,60000,30,100000,30,100,70000,100,29443.7793,,,0,,,0,88000,1,87900,25,100,70000,100,29443.7793,,,0,,,0,70000,,,0,100,70000,100,70000,70000
SRP,,,9500,1000,9500,1871,100,4000,200,10000,43,10000,43,,,0,6950.529785,,,0,,,0,550,,,0,100,4000,1100,6950.529785,,,0,,,0,6950.529785,,,0,,,0,9500,9666.665
SSC,,,600,240,549,5560,100,516,2872,710,124,710,2354,20,500,2063,500,,,0,,,0,607,68,605,17306,100,510,6703,450,6,500,116,,,0,625,400,645,2197,100,510,3403,631.5717038,619.4646165
SSL,,,50000,23,50000,26,1,40000,1,48000,1,47900,17,,,0,18158.61914,,,0,,,0,46298.32031,19,47400,51,,,0,18158.61914,,,0,,,0,45000,29,45000,30,,,0,50000,49348.95833
STL,,,2090,24,2010,7599,35,1760,4127,1820,409,1820,2378,1,1710,1966,1600,,,0,,,0,1730,244,1730,24430,86,1650,8312,800,10,1900,10,,,0,1551.900024,392,1750,3185,30,1480,1607,1982.004029,1983.549389
STR,1750,,2000,39,2490,363,138,2000,1646,2503.909912,102,2900,131,100,1750,200,2350,1,2350,1,,,0,1900,38,2800,414,1,1900,225,2000,,,0,,,0,2900,73,1950,3264,100,1750,300,2000,2248.042182
STS,,,150000,19,150000,82,,,0,154000,4,154000,17,,,0,95518.15625,,,0,,,0,170000,13,170000,30,,,0,95518.15625,,,0,,,0,170000,3,170000,10,1,1,1,150000,150000
SU,,,175000,1,300000,1,5,120000,5,150000,1,199000,2,,,0,110719.9688,,,0,,,0,500000,5,300000,5,,,0,110719.9688,,,0,,,0,110719.9688,,,0,,,0,175000,175000
SUD,100000,,83500,,,0,10,101000,110,100000,,,0,100,100000,100,37925.10156,,,0,,,0,83000,,,0,100,100000,100,37925.10156,,,0,,,0,100000,,,0,100,100000,100,83500,83500
SUN,,,604.460022,1650,600,7128,65,530,1672,549,90,549,130,53,351,273,430,1282,430,1872,,,0,689,103,689,1521,20,600,13777,500,120,1000,120,,,0,559.3499756,9,585,1756,100,500,100,589.5942149,547.5247743
SWF,,,179.5700073,1000,200,72609,9595,180,9595,250,225,250,16813,1000,211,2037,80.22000122,,,0,,,0,255,1324,250,28736,1000,220,4000,110,100,240,100,,,0,390,2000,389,17619,1000,207,4100,204.0032081,257.0681559
TA,,,10111.36035,797,10500,1464,100,7600,162,9768.240234,6,9250,167,2,7500,14,6462.430176,,,0,50,8000,50,10200,95,10200,2213,113,9100,453,6462.430176,10,10400,10,,,0,9534.620117,99,9750,598,,,0,8566.676,10047.30682
TAC,,,91458.32813,2,600000,43,30,150000,30,500000,1,475000,1,,,0,91458.32813,,,0,,,0,550000,6,500000,6,,,0,91458.32813,,,0,,,0,91458.32813,,,0,,,0,91458.33,91458.33
TAI,,,600,124,600,198,400,500,1899,400,,,0,500,350,500,121.0100021,,,0,,,0,937.3900146,633,1000,8703,80,680,2518,121.0100021,20,812,20,,,0,800,,,0,240,550,440,600,493.3615978
TBU,,,58000,20,58000,120,20,55000,40,58000,50,58000,100,15,50000,30,22694.48047,,,0,,,0,57700,7,57600,145,20,50000,20,22694.48047,,,0,,,0,55000,50,58000,100,,,0,58000,58000
TC,,,7500,100,8400,637,373,7500,373,8800,37,8800,96,10,2250,36,3830.899902,,,0,,,0,7500,35,7500,370,,,0,3830.899902,10,7500,10,,,0,8750,21,8000,24,1,6500,116,7612.955,7694.733761
TCB,,,19000,2,19000,2,,,0,16800,1,15000,8,,,0,9647.730469,,,0,,,0,40000,1,49000,2,,,0,9647.730469,,,0,,,0,28000,,,0,,,0,19000,19000
TCL,,,3200,964,3000,3373,200,2700,2715,3050,120,3040,5425,1000,2570,2640,4000,12,3500,441,,,0,3220,470,3220,7337,200,2700,3165,1903.900024,20,3500,20,,,0,3100,68,3100,1158,300,2670,300,3042.002505,3101.123469
TCO,,,350,275,700,2565,258,350,324,1000,61,1000,301,128,136,219,120,101,120,535,,,0,500,306,600,416,694,500,694,130,25,130,585,,,0,400,49,450,234,1000,138,1000,364.0230769,396.0356436
TCS,,,3300,642,3300,2318,146,2220,146,3000,94,3000,1066,,,0,3600,47,3600,292,,,0,3000,237,3000,6749,34,2000,708,3500,10,2600,10,,,0,4000,1000,4000,1000,100,2000,100,3259.279013,2653.265341
TCU,,,80000,5,174000,13,2,80000,2,150000,1,250000,1,2,120000,2,69644.78906,,,0,,,0,199000,2,180000,2,1,90000,3,69644.78906,,,0,,,0,250000,2,249000,3,,,0,100138.89,100138.89
THF,,,449,100,439,9464,1000,405,9133,459,1192,459,12983,726,401,726,400,260,380,1100,,,0,445.8200073,200,446,32186,1000,415,11290,400,100,450,100,,,0,598.8699951,754,600,754,1000,400,2000,449.1208806,423.4291739
THP,,,4890,20,4890,150,100,4000,100,4690,58,4690,933,,,0,2398.5,,,0,,,0,5150,80,5100,1063,99,2300,99,2398.5,,,0,,,0,4520,20,4580,531,,,0,4890,4630.762
TI,,,1990,306,1990,11919,888,1690,18496,1650,80,2180,1493,1000,1220,3093,2900,200,2000,200,,,0,1810,26,2050,20124,778,1810,3589,2250,100,1700,100,,,0,2423.060059,200,2490,5904,1000,1710,2121,1996.006543,1870.441228
TIO,74,,265,2589,265,49479,15000,210,44977,225,248,225,727,10,200,898,330,,,0,,,0,144.8500061,500,205,51553,1356,120,1655,74.80999756,,,0,,,0,249,47,220,6649,5000,190,10123,231.2502664,242.8306202
TK,,,40000,1,45000,1,20,25100,320,25000,2,35000,27,,,0,20209.48047,,,0,,,0,30000,20,41100,182,20,30100,50,20209.48047,5,41100,5,,,0,39500,,,0,,,0,40000,40000
TPU,,,3200,24,3690,324,80,3200,1356,4000,100,3990,340,2,2300,2,1173.27002,,,0,,,0,4300,4,4300,338,200,3500,652,1000,5,4000,5,,,0,3990,527,3990,527,,,0,3443.75,3620.031018
TRA,,,1800,25,2000,3423,,,0,2500,10,2480,148,500,1700,500,838.6799927,,,0,,,0,1800,213,1950,1391,251,1800,501,838.6799927,10,2000,10,,,0,1800,31,2700,31,14,1800,14,1825.000315,1770.150555
TRN,,,482.9599915,462,480,40572,1000,470,21650,434,1745,434,6103,5,400,6418,600,,,0,,,0,428.7600098,788,440,44858,2000,396,15155,50,200,515,200,,,0,490,7976,490,20259,100,300,12054,493.2824446,418.0202736
TRU,,,456,589,570,5113,500,455,25492,525,339,525,5572,10,485,7305,800,,,0,4,800,4,530,414,530,23335,1000,516,12300,500,70,500,593,,,0,666,243,666,11968,2,580,6265,531.4804446,554.8899418
TS,,,599,938,599,5166,60,151,354,400,5,250,154,20,80.5,943,74.80999756,,,0,,,0,201.6900024,18,400,18,60,50,60,74.80999756,10,399,10,,,0,136.8899994,239,175,304,500,120,2300,563.58,412.1156757
TSH,,,30000,30,30000,6174,10,28300,22,30500,1,30500,211,15,28000,15,30000,94,30000,94,,,0,29900,47,29900,5399,120,24700,240,16479.69922,10,30000,18,,,0,30000,194,30000,194,30,24500,70,30180.19572,30049.92948
TUB,,,175.8300018,3857,175,27488,,,0,200,2000,296,12266,,,0,270,11,270,426,,,0,225,180,200,28499,340,183,16340,190,574,180,1014,,,0,243.6499939,520,245,71493,10000,100,10000,144.8849574,160.411354
UTS,3500,,5000,140,5000,369,4,4730,2229,4700,19,4700,73,100,3510,222,5400,10,5200,120,,,0,4200,68,4430,1407,226,4200,389,4640,6,4640,6,,,0,3520,200,6580,496,100,3510,204,4610.776907,4644.730318
VCB,,,400000,1,799000,3,,,0,970000,1,940000,3,,,0,327138.125,,,0,,,0,609000,1,800000,5,,,0,327138.125,,,0,,,0,869000,1,850000,3,,,0,400000,400000
VEG,88,,305,980,305,51273,2842,300,3308,290,705,340,2614,6711,290,7909,180,,,0,,,0,389,397,389,7238,250,371,16413,300,2750,375,2750,974,300,974,301,100,349,6360,9983,300,37647,306.0061826,319.4871206
VG,,,2500,24,2500,730,300,1660,3100,2390,26,2390,6971,300,1700,1103,3200,10,5000,10,,,0,2230,473,2230,3726,300,1920,2256,2000,20,2400,220,,,0,2530,37,2530,6556,200,1990,2402,2365.77345,2258.012317
VIT,,,559.1799927,1338,575,5123,100,500,540,765.2700195,30,783,33540,,,0,324.4700012,,,0,,,0,750,1252,750,1323,,,0,324.4700012,,,0,,,0,779,40,775,1774,,,0,563.28,717.304483
VSC,,,31000,4,31000,4,,,0,42000,,,0,,,0,16535.42969,,,0,,,0,25000,4,30000,4,,,0,16535.42969,,,0,,,0,16535.42969,,,0,,,0,31000,31000
W,,,10000,536,10000,1934,10,8400,302,7359.910156,100,12500,1834,50,7000,350,6243.660156,,,0,,,0,11500,14,11000,6282,100,9000,864,6243.660156,5,8900,5,10,8000,10,7000,17,10400,216,10,6000,20,9743.660541,9591.901455
WAI,,,91416.67188,20,99000,191,10,91000,183,108000,61,108000,72,73,92000,96,100000,50,100000,261,,,0,91000,8,91000,78,20,88100,146,51820.46094,,,0,,,0,93900,40,93900,40,20,80100,30,96660.11957,94491.9047
WAL,,,5600,357,5600,7514,1000,3010,1600,6500,44,6500,44,24,3000,74,2796.830078,,,0,,,0,3900,58,5600,6584,172,3900,672,2796.830078,,,0,,,0,6980,44,6980,1672,,,0,5421.852326,5468.766235
WCB,,,650000,2,698000,8,1,600000,8,650000,1,670000,2,,,0,328698.125,,,0,,,0,697000,1,697000,14,1,500000,2,328698.125,,,0,,,0,760000,1,768000,7,1,741000,2,642708.335,633564.8156
WIN,,,6000,585,6000,13463,500,5100,1175,6200,117,6200,1710,460,5500,460,10000,5,15000,13,,,0,6480,11,6480,7175,200,5800,2424,12000,2,6480,22,,,0,6000,39,6000,5189,500,5330,1610,5888.809145,5926.018613
WM,,,11438.95996,343,12000,743,9,11000,22,14700,31,14700,32,1,6000,1,6790,,,0,,,0,12600,10,11500,430,,,0,6790,,,0,,,0,9800,,,0,,,0,11642.49,12825.9331
WOR,,,150000,22,150000,23,,,0,100000,5,190000,5,,,0,83883.15625,,,0,,,0,160000,6,160000,6,,,0,83883.15625,,,0,,,0,135000,,,0,,,0,150000,150000
WR,,,140000,1,150000,2,5,141000,105,140000,,,0,100,140000,100,78076.21875,,,0,,,0,140000,2,150000,2,100,140000,100,78076.21875,,,0,,,0,140000,,,0,100,140000,100,140000,140000
WS,,,4700,100,4700,1954,11,4600,10311,4300,264,4300,1298,100,3000,10102,6000,4,6000,4,,,0,4730,56,4700,3384,50,4000,372,2593.969971,20,5000,80,,,0,5390,181,5390,1322,122,3510,128,4637.500123,4645.683494
ZIR,,,999,965,999,7771,500,550,3228,999,960,999,4202,20,500,20,117.5500031,,,0,,,0,648,635,4990,4635,1000,290,3788,117.5500031,20,648,20,,,0,977,601,998,1610,50,550,50,999,718.5884783
ZR,,,14500,40,14800,788,20,10000,20,15300,,,0,15,12000,114,5977.02002,,,0,,,0,15200,10,15000,199,75,10000,95,5977.02002,10,15200,10,,,0,10900,85,12200,655,,,0,14500,14223.68743